seqid,log_likelihood,sequence,num_muts
sampled_seq_1,-1.0671966972701046,MIKKWAVHLLFSALVLLGLSGGAAYSPQHAEGAAWFDAEWFFPCDRFPESCAQIRQAIALGHAAVCTLDRDGARARNREALAGIPRRPGYERHEWPFSECREGGRGSLVKYVDARDNQGAGRYLRRHLARYANGTKLLGVVK,57
sampled_seq_2,-1.0291351878314936,MIKKWAVHLLFSALVLLGLSGGAAYSPQHAEGAVAFDTTLQFPAAQFPESGQHIQDAIAEGHAAVCTLARQRAWQRRQEALAGIPQRAGYQRHEWPFSICTEGGAGSAVRYVSALDNSGMGSWLRNWLSQYADGTRIRLVVR,49
sampled_seq_3,-1.0389077422815725,MIKKWAVHLLFSALVLLGLSGGAAYSPQHAEGAGIFDATMQQPVAEFPESGKMIKQAIAEGFADVCTLDRAARKERYTQSLKGIPEKPGYDRHEWPFAYCKEGGAGSKVVYVKHDDNQGFGRWLDNHLSKFNDGTRIKQVVK,56
sampled_seq_4,-1.0949368258135035,MIKKWAVHLLFSALVLLGLSGGAAYSPQHAEGAMKYDVTWVFPRSKYPESGALIRDAIARGHAAVCTLARESQRLREDQALAGIPRRDGFERHEWPFAWCEEGGKGSFVRYVGKNDASGAGRWIDTTLAAYEDGTKVLFLVD,52
sampled_seq_5,-0.9586264934014836,MIKKWAVHLLFSALVLLGLSGGAAYSPQHAEGACNYDAVLYTPCNTFPDACRHIKAAIAQGHAAVCTLDRAGRKRKSDQALAGIPRKPGYERHEWPFASCVEGGRGSAVTYVPTSDNQGAGAWLRQYLAGYADGTRILFVID,51
sampled_seq_6,-1.1482547445034763,MIKKWAVHLLFSALVLLGLSGGAAYSPQHAEGAMSFDVILDLPCATYPASCNLIKQAISEGHPAVCTLNRYGRRKRREQSLVGIPDRPGYDRHEWPFASCDEGGHGAKVQYVNRADNQGFGNWLTGYLDQYPDGTKIKMVVK,57
sampled_seq_7,-0.9052401201440654,MIKKWAVHLLFSALVLLGLSGGAAYSPQHAEGAHTYDAELVFPCDEFPESCAMVKAAVASGHAAVCTLARAGQRTRRRQALKGIPNRPGYDRHEWPMDICVEGGRGSAVQYVPSQDNEGMGRWLKGHLSQYADGTRILFRVG,52
sampled_seq_8,-1.041065601033902,MIKKWAVHLLFSALVLLGLSGGAAYSPQHAEGAMEYDKKFEFPRAKFPESGNMIKDAIARGFSRVCTLARKESRKRQRQALKGIPDKPGYDRHEWPMAICEEGGKGSAVQYVPWQDNNGAGSWLSFELSKYKDGTKILFIAD,49
sampled_seq_9,-0.9657111911598696,MIKKWAVHLLFSALVLLGLSGGAAYSPQHAEGAKKYDATLVFPCQLFPQACAMIKQAIAEGHAAVCTLDSAAADARREESLSGIPDKPGYERHEWPFAICLEGGKGARVEYVQYRDNRGAGKWLGKKLSQYADGTKILFIVD,46
sampled_seq_10,-1.035249062634389,MIKKWAVHLLFSALVLLGLSGGAAYSPQHAEGAMAYDVTLDFPAKKYPQSGKHVKDAIKNGHQSVCTIRRSSRSRRLQESLKGIPNKRGYTRDEWPFAICKEGGKGSSVRYVRSADNQGAGRWLKKKLNAYANGTRVKYVVR,44
sampled_seq_11,-1.092736480432913,MIKKWAVHLLFSALVLLGLSGGAAYSPQHAEGAMEFTHSFSFPASAFPQSAAHIAAAIASGEAAVCTLSRGSQSTRRQESLAGIPNKSGYDRAEWPFAICTEGGSGAAVRYVDQSDNRGYGEWLTNELSQYADGTRILFIIS,47
sampled_seq_12,-1.0870926183298093,MIKKWAVHLLFSALVLLGLSGGAAYSPQHAEGASEFDVTWEFPTDTFPESGAHIRDAISRGHAAVCTLKRAGRQTRLEQALAGIAERPGFDRHEWPFANCVEGGKGASVRYVDVVDNQGFGKWASLTLSGFADGTKVLSLSG,52
sampled_seq_13,-0.9665789822919651,MIKKWAVHLLFSALVLLGLSGGAAYSPQHAEGAEEYDTVVELPCSRYPEACGHIRDAIARGHAAVCTLDRSGQRQRADESLRGIKSRPGYGRHEWPFSFCREGGAGSSVRYVPMGDNNGFGTWLSQRLSAYSEGTRIRFVCP,51
sampled_seq_14,-1.2171237490592746,MIKKWAVHLLFSALVLLGLSGGAAYSPQHAEGAADHDVELQLPADKYPETFATLKAAIKKGFSSVCTLDRASFQKRREQALAGIPDKPGYQKHEWPFAICKEGGKGADVAYVPDNDNEGFGRYLSKTLSRYKDGTKVRFITN,56
sampled_seq_15,-1.0538144592845111,MIKKWAVHLLFSALVLLGLSGGAAYSPQHAEGAMSFDAVWDFPVEQYPSSGAMIKAAIADGFAQVCTLDRAARSQRLAESLAGIPRRDGYDRGEWPFASCVEGGTGSRVEYVPRADNQGAGAWANQFLSRYSDGTRILVRAT,56
sampled_seq_16,-1.0730849099815438,MIKKWAVHLLFSALVLLGLSGGAAYSPQHAEGASEFDARVFMPFETFPEAATMIRTAIEEGHAAVCTLQRSEQRQRRRESLEGIPTKEGFDRHEWPFAICEEGGVGSKVTYVHRSDNQGMGQWLRRKLSAYQNGTRILFVVE,52
sampled_seq_17,-1.3102563980522506,MIKKWAVHLLFSALVLLGLSGGAAYSPQHAEGAFTYDVTVTFPQTTYPYSGLMIKQAISYGYADVCTLDRSGRKSRQYQSLRGKPDKSGFQRHEWPYACCKEGGRGSRIKYVPAADMSGAAAWTRSWWSGYADGTRVLFTVA,55
sampled_seq_18,-0.8822000486041428,MIKKWAVHLLFSALVLLGLSGGAAYSPQHAEGAMEFDVVIDFPAAEFPESGALVAAAIAEGYAAVCTLARAGQSARRKDSLAGIPGRPGYDRHEWPFALCTEGGTGARVAYVAVADNSGAGAWFSNTFSAYADGTRILFKVG,50
sampled_seq_19,-1.1700175574066445,MIKKWAVHLLFSALVLLGLSGGAAYSPQHAEGAGHFDHTLVLPIVDFPDAGAHIAEAIAQGKAAVCTLHRAAATKRFQQSLKGIPKLAGYDRHHWPFSQCEEGGEGASVEYVPFDDNDGFGRWLSETLAAYKDGTRILLKVE,53
sampled_seq_20,-1.0690451105800245,MIKKWAVHLLFSALVLLGLSGGAAYSPQHAEGASEFDVVIRLPCTEFPQACAHIRRAMNKGFSAVCTLDRAGRDRRRIESLAGIPRKPGYDRHHWPLAICREGGKGSDVRYVDRADNRGFGAWLRRHLSAHADGAKVLVVAD,57
sampled_seq_21,-1.1006445228506665,MIKKWAVHLLFSALVLLGLSGGAAYSPQHAEGAADYSEEVHLPKAKYPATGATISEAIRQGFADVCTLSRSQSNQRRRESLSGIPNRSGYDRHEWPQSQCVEGGRGSRVRYVPTADNRGYGSWLAATLAKYSDGTRIKYVVR,51
sampled_seq_22,-0.7746016476132455,MIKKWAVHLLFSALVLLGLSGGAAYSPQHAEGAAEYDVTLTYPDSSYPESGALIKQAIAEGHAAICTLDRAGQKARREESLRGIPKREGYDRHEWPFAICQEGGKGSKVQYVNAEDNQGAGTWLRNTLSKYADGTRILFKVE,46
sampled_seq_23,-1.109712023253835,MIKKWAVHLLFSALVLLGLSGGAAYSPQHAEGAHSYDERLFFPAGTYPAAGTHIARAIREGHAAVCTLSRRGELTRADQALAGIPAKEGFIRAEWPMAVCAEGGKGAAVRYVPAADGTGASAWLSATLAAYADGTRVLFEVE,49
sampled_seq_24,-0.9641362461475056,MIKKWAVHLLFSALVLLGLSGGAAYSPQHAEGAQAYDVTVELPCATYPEACSHIRTAMAQGYAPVCTIQRGASAARRRQSLAGIPARSGFERDEWPMAGCTEGGTGSGVRYVSATDNRGFGTWLANTLARYADGTRVLFIVR,48
sampled_seq_25,-0.9994140065044438,MIKKWAVHLLFSALVLLGLSGGAAYSPQHAEGAGAYDAQLVLPCAVYPQACQQIRQAISQGHAAVCTLERAGANARRDESLRGIPSRAGYMRFEWPFAMCREGGRGASVAYVQETDDTGFGAWLAAELAKYADGTRILFVIE,51
sampled_seq_26,-1.0756334777272076,MIKKWAVHLLFSALVLLGLSGGAAYSPQHAEGAGMYDTNLITPCAQFPEACDMIAKAISQGHAQVCTLDRGGQKTRQKQSLKGIPSKEGYGRFEWPYSLCLEGGTGSAVQYVPKDDNRGMGRWLQNYLSQYSDGTRVLFTVK,54
sampled_seq_27,-0.9895114723695528,MIKKWAVHLLFSALVLLGLSGGAAYSPQHAEGACTYDTVITFPATTYPETGALITTAIAEGYSAVCTLDRAGQLIRRTQSLAGIPDRVGFDRHEWPMAMCTEGGTGSRVRYVNWNDNRGAGAWLSNWLNGYADGTRVLFTVT,42
sampled_seq_28,-0.8130041699890697,MIKKWAVHLLFSALVLLGLSGGAAYSPQHAEGAMSYDATVYLPCAAYPESCAHIAAAIAGGHAAVCTLDRAGRDARARQSLAGIPARDGYDRHEWPFASCLEGGAGAAVRYVPSADNQGFGRWLANFLNGHADGTRILIKVG,46
sampled_seq_29,-0.936989600505304,MIKKWAVHLLFSALVLLGLSGGAAYSPQHAEGAMEYDTQLIYPAAAYPHAGALIKQAVAEGHAAVCTLDRAGSETRRLQSLAGIPARPGYTRHEWPFSICVEGGQGSAVRYVPADDSQGMSAWISNYLSRYADGTRVLMKVN,55
sampled_seq_30,-1.030522827708393,MIKKWAVHLLFSALVLLGLSGGAAYSPQHAEGAVGYDCTLALPTATFPASGAHIAAAIAQGKAAVCTLARSGAAARANSSLIGIAAKAGFDRDEWPMAHCTEGGVGSAVQYVPVDDNRGMGRWLSSTLSKYADGTRVLTVVG,50
sampled_seq_31,-1.0087745736498352,MIKKWAVHLLFSALVLLGLSGGAAYSPQHAEGAADYDAKLYYPDDEYPQSGAMVRQAINEGHAAVCTLSRAQRSQRRRESLVGIDTKPGFDRHEWPVAICEEGGRGSAVRYVDFADNSGAGAWLRRHLDQYADGTRILFVTD,46
sampled_seq_32,-1.0934716320912772,MIKKWAVHLLFSALVLLGLSGGAAYSPQHAEGAGDFDTTLSVPVTQFPRAGSEIRQAIAQGKAAVCTLERGAQKKRRDEALAGIPARPGYGRHEWPFAECREGGRGARVRYVGFEDNDGMGKWLRDNLSKHADGTRIKFIVD,53
sampled_seq_33,-0.9407218443144352,MIKKWAVHLLFSALVLLGLSGGAAYSPQHAEGASMFDATLVFPAATFPEAGALIAEAIREGHAAVCTLQRAGSDARRRESLAGIPSREGYDRHEWPFACCQEGGQGAVVRYVPWRDNAGAGSWQRQTLSAYDDGTRILLKVE,47
sampled_seq_34,-1.0381814099233084,MIKKWAVHLLFSALVLLGLSGGAAYSPQHAEGASDYDVRWHFPIADFPWSGELVKTAIAEGKAAVCTLDRSGRTERLRQSLAGIPKKPGYVRHEWPFADCREGGAGSRVEYVPREDGQGYARWLTDRLGRYDNGTRVLFVVE,58
sampled_seq_35,-1.1181142964494335,MIKKWAVHLLFSALVLLGLSGGAAYSPQHAEGAVSYDVVVTYPTALYPQAGSHIKQAIGQGHSSVCTLDYAGRERRRRESLQGIPRRTGYDRHEWPMAMCTEGGTGSSVRYVDRTDNQGMGTWILNWLAKYDDGTRVKTVVS,52
sampled_seq_36,-1.189108472351634,MIKKWAVHLLFSALVLLGLSGGAAYSPQHAEGAADNDAEVFFPGSRFPQSAQHIAQAIAEGHAAVCTLSRSNEATRWNMSLKGIPARSGYQRHEWPFAQCTEGGSGSAVRYVDAADNQGQGNWTRSTLSAYADGTRLLYVVS,54
sampled_seq_37,-0.9454974253243262,MIKKWAVHLLFSALVLLGLSGGAAYSPQHAEGASEFDAEATFPCRQYPQSCALIARAIAEGFAAVCTLDRAGEHQRRREALRGIPSKPGYDRHEWPFAYCKEGGKGSAVAYVPKEDNSGAGAWFRREMSKYADGTRLLFRVQ,52
sampled_seq_38,-1.225373574353139,MIKKWAVHLLFSALVLLGLSGGAAYSPQHAEGAMLHDATLILPCAEYPQAGAHIRAAIAAGHSPICTLDRDGQRARQRESLKGIATQPGFHKQEWPFARCVEGGQGSAVQYVGWRDNEGMGRWLHRYLARYRDGTKIKMIVS,55
sampled_seq_39,-1.0054703458733516,MIKKWAVHLLFSALVLLGLSGGAAYSPQHAEGARDYDVSLDLPSEQFPESAAHIRQAIAQGHSAVCTLLSSSASRRRSQSLAGIPSRPGYVRSEWPMAICEEGGAGSAVQYVPRADYQGLEAWLRNHLAAYADGTRVLFRVG,53
sampled_seq_40,-1.0881568138752509,MIKKWAVHLLFSALVLLGLSGGAAYSPQHAEGAADYDATANFPCQKYPEACATIAAAISNGQAQVCTLSRAEQTRRYRESLKGIPARDGYGRHEWPMAFCVQGGNGSQVRYVNFSDQNGAGSWLESWLSQYKDGTKIKFVVK,53
sampled_seq_41,-1.2255653591330993,MIKKWAVHLLFSALVLLGLSGGAAYSPQHAEGAEPYDVRQQVPCGSYPQTCAHVRQAIANGDAAVCTLSRGGQSTRRQQSLAGIPAREGYDRHEWPHDLCREGGAGSAVRYVQHSDHNGEGSWASSALSSFADGTKVLWVRD,57
sampled_seq_42,-1.0784006381253584,MIKKWAVHLLFSALVLLGLSGGAAYSPQHAEGAMTYDTTLTFPCADYPQSCSHVKNAIAEGNAAVCTLNRDSQGRREDESLAGIPSRNGYDRHEWPFAICEEGGTGAGVRYVAKADNSGFGKWLRSFLDTFADGTRIKFVVE,54
sampled_seq_43,-1.0901464759756665,MIKKWAVHLLFSALVLLGLSGGAAYSPQHAEGAMRYDAVVLFPEEIYPEAGRMISEAISRGYSSVCTLEREKEHVRRDQSLKGIPKKPGFTRHEWPFASCKEGGEGSYVKYVPVKDGNGFGEWLTNQLSRYKDGTRILFIGS,49
sampled_seq_44,-1.2490073387775946,MIKKWAVHLLFSALVLLGLSGGAAYSPQHAEGAASFDTCLNFPKTQFPFAGKMIEAAIEAGHAKVCTLNRAGRQSRLKQSLRGIPRKSGFHRHTWPFSICEEGGSGAMVQYVPVQDASGYGKWASKTLSRYKDGTKVLFVVL,56
sampled_seq_45,-1.0752175007391414,MIKKWAVHLLFSALVLLGLSGGAAYSPQHAEGAADWDAELTYPAEAFPNSGACARQAQSEGHAAVCTLDRAARRARRNESLRGIPERPGYVRHEWPFAWCLEGGRGARVTYVPAADGEGAARWLTRTLSGYGDGTRILVVIP,56
sampled_seq_46,-1.111700425454236,MIKKWAVHLLFSALVLLGLSGGAAYSPQHAEGANSYDTTLLLPSKQFPQASAHVALAIAQGHSPVCTLDRAGSGIRRQQSLAGIPKKPGYTRDEWPFALCQQGGQGSVVRYVPTADNSGYGQWLQQYLAKYQNGTKILLEVK,56
sampled_seq_47,-0.8984633979447391,MIKKWAVHLLFSALVLLGLSGGAAYSPQHAEGASEFDATWDFPADEFPASGAQIAAAIEAGHDAVCTLDRAGMTTRRRESLAGIPEREGYDRHEWPFACCKEGGTGSAVEYVPSADNKGFGTWLHNKLGAYADGTRILVTVD,51
sampled_seq_48,-1.149097827596402,MIKKWAVHLLFSALVLLGLSGGAAYSPQHAEGADDFDKKWEFPSDTYPESGKMIKDAIAEGHSKVCTLNRSERNRRLTESLKGIPSRPGFQRHEWPLAMCNEGGKGSKVQYVPAVDHNGAGGWLRETKSKYDDGTKILFIVQ,50
sampled_seq_49,-1.1134440570796302,MIKKWAVHLLFSALVLLGLSGGAAYSPQHAEGARAWDATLSLPGSTFPAAAAMIKTAIANGHASVCTIERAGETTRREQSLAGIPRQPGFGRAEWPFAFCLEGGLGALVDYVPITDNDGFGRWLGATLNKYADGTRIRFVVG,49
sampled_seq_50,-1.0340415884595398,MIKKWAVHLLFSALVLLGLSGGAAYSPQHAEGASDYDAVIDYPSSQFPEAGAHIKQSIALGHAAVCTLERSGSKGRRDQALKGIPQRSGYERHEWPFAYCREGGKGSEVKYVQRSDNQGAGAWLANKLSGYAEGTRLLMKVK,48
sampled_seq_51,-0.9003946146833788,MIKKWAVHLLFSALVLLGLSGGAAYSPQHAEGAMAYDAVENVPTATYPESGADIKAAIAEGKAAVCTLDRAGADTRRTQALAGIPARSGYDRHEWPMAICREGGAGSRVQYVNEADNAGMGNWLAGHWDKYADGTRLLHTVG,53
sampled_seq_52,-1.1258113056147865,MIKKWAVHLLFSALVLLGLSGGAAYSPQHAEGAHQFDAIWWFPAEKYPESGAHVAAAIEAGHSSVCTLEREDSAKRRQQALKGIPKKDGYIRHEWPFSFCREGGKGSSVEYVPSDDGNGFQSWMRQELSRFADGTRILWVNE,51
sampled_seq_53,-0.976260543963231,MIKKWAVHLLFSALVLLGLSGGAAYSPQHAEGAMAYDLEVYLPCQTYPDACAHIQKAIAQGHAAVCTLDRAGAKVRRRESLKGIPRKLGYNRDEWPFAVCKEGGRGSAVEYVPEADNNGMGGWLSGYLSAYADGTRILFNVK,48
sampled_seq_54,-1.1541955230432912,MIKKWAVHLLFSALVLLGLSGGAAYSPQHAEGAGPYDDELYFPAATYPQSGNLIRQAIAEGQDIVCTLARAERATRYDQSLAGIPKKPGYGRFEWPFACCVEGGPGSRVQYVDYSDLDGAASWMRQRLAAYADGTRILFIID,50
sampled_seq_55,-1.1342446563440725,MIKKWAVHLLFSALVLLGLSGGAAYSPQHAEGAAIFDKVLRFPAKNFPASASLVSQAISEGQASICTLNRAGAVVRRAQSLRGIPSKQGYDRHEWPAAFCLEGGKGAAVRYVPADDNQGAGTWVSQQLSAYSDGTKILIVNG,50
sampled_seq_56,-1.0637124437804617,MIKKWAVHLLFSALVLLGLSGGAAYSPQHAEGACDFDEELLFPLKEYPYSGRVIADAIKQGFSAVCTLEREGAAKRRKQALAGIPGRKGFGRHEWPMSICKEGGSGAKVEYVPLADNNGFGTWLRKKLSKYANGTRIRFVID,53
sampled_seq_57,-1.0277145105764407,MIKKWAVHLLFSALVLLGLSGGAAYSPQHAEGADNYDAVYIFPCSVYPASCSHIRRAIAAGKAAVCTLHRAGQDARRRDSLKGIPERPGFDRHEWPMAFCQEGGRGASVEYVPTADNNGAGRDLRNALSAFADGTRILWIVR,44
sampled_seq_58,-1.0632708488254372,MIKKWAVHLLFSALVLLGLSGGAAYSPQHAEGAMSYDTTLHLPAAKYPQAAAHLKKAVQEGYAEVCTLEREAADARRRESLKGIPGKPGYGRDEWPFAICREGGKGSAVTYVNGADNQGFGGWLNGHLNNYDNGTRIKFVVG,49
sampled_seq_59,-1.1985591223480505,MIKKWAVHLLFSALVLLGLSGGAAYSPQHAEGASTFDAEVLLPSSAFPHAARHLHDAINRGFAAICTLDRTGARLRRRQSLAGIPKKPGYSRHEWPMAYCVEGGKGASIEYVPINDNQGWGRWLSNWVSSYADGTRLLFVVR,52
sampled_seq_60,-1.1136606898876504,MIKKWAVHLLFSALVLLGLSGGAAYSPQHAEGAPSHDDELIFPAAKFPQSGASIKQAIAEGYSAVCTLQRADRDNRRQQSLAGIPAKDGYDRHEWPFAMCEEGGRGSKVRYVERLDNQGAGAWVNGNLAGYSDGTRILLVVQ,45
sampled_seq_61,-0.8897173820285622,MIKKWAVHLLFSALVLLGLSGGAAYSPQHAEGAADYDVEVVLPCKEYPETCAMIKAAISEGKADVCTLDRAGSGKRRAESLKGIPARSGFGRHEWPMAICKEGGSGSNVRYVPYADNSGAGTWIANHLASYADGTKVLFKIS,47
sampled_seq_62,-0.9263426054508316,MIKKWAVHLLFSALVLLGLSGGAAYSPQHAEGAMDYDTTLSLPCNTYPQACAHISKAISEGHASVCTLNREGSSQRRDQSLAGIPRKSGYDRHEWPFDFCLEGGVGSAVEYVDAADNQGFGSWLRQYLSAYSAGTRVKFVCP,55
sampled_seq_63,-1.1039074539044582,MIKKWAVHLLFSALVLLGLSGGAAYSPQHAEGAADYDAELEFPCKVYPEACGHIKKAIQLGYSAVCTLLRESARRRRNESLKGIPTRNGYHRHHWPMASCEEGGKGSSVQYVDAADNDGSGQWLQQWLSKYADGTRILFKCP,48
sampled_seq_64,-1.0945619355647935,MIKKWAVHLLFSALVLLGLSGGAAYSPQHAEGAFDYDEEVKFPCEKYPEACQLIKKAIAEGHADVCTLLRSGQGQRKKEALNGIPTREGYTRHEWPFSMCKEGGAGSAVQYVPAEDNDGMGKWLYEFTSQFADGTKIKFIVE,55
sampled_seq_65,-1.280365830167718,MIKKWAVHLLFSALVLLGLSGGAAYSPQHAEGAMIYDATFQFAKASYPEAGAMIEKAIAEGHAAVCTLERTSSATRRAESLAGVPEKPGYIRFSWPMADCREGGKGSEIQYVNEDDGRGAGKWRNAALNQYADGTKIKFVAA,50
sampled_seq_66,-1.0931241796651017,MIKKWAVHLLFSALVLLGLSGGAAYSPQHAEGAMSYDVRLDFPYREFPDSGAVIKEAISLGFSEVCTIATIGRGRRRQQSLRGIPKRPGYDRHEWPWDICLEGGEGALVRYVPRDDNAGFGRWLAEELAKYKDGTRVLFIVK,52
sampled_seq_67,-1.0397327668076262,MIKKWAVHLLFSALVLLGLSGGAAYSPQHAEGAMAYDKTLVLPCSEYPQTCAMIKEAIAKGKAAVCTLDRSQFGKRFNEALKGIPKKTGYDRHEWPFASCVEGGKGSAVRYVKATDNRGAGKWFWSHTSKFADGTRILFIAR,48
sampled_seq_68,-0.8998944343776878,MIKKWAVHLLFSALVLLGLSGGAAYSPQHAEGAGPYDATLNLPEAQYPESAALIKAAIAAGHASVCTLERAGQTQRRNESLKGIPAKPGYDRHEWPFATCVEGGKGAAVQYVDADDNQGMGRWLGTTLNGYADGTKLKITVE,44
sampled_seq_69,-0.9963301212415784,MIKKWAVHLLFSALVLLGLSGGAAYSPQHAEGAWEFDTRVVFPDKTFPSSGKTIKQAIAQGHAKVCTLDRAGADTRRLESLAGIPKRSGYVRHEWPMSFCTEGGKGSAVTYVPAADGQGAGAWLSNYLAQYADGTRVLFIVS,51
sampled_seq_70,-0.890186974761683,MIKKWAVHLLFSALVLLGLSGGAAYSPQHAEGAMQYDHTLTFPVAQYPESGAHIKAAIAAGHASVCTLQRADAGRRREQSLAGIPDRPGFQREEWPFALCREGGSGSSVQYTPADDNQGAGSWLANTLSAFADGTRIKFITN,46
sampled_seq_71,-1.0276417863478355,MIKKWAVHLLFSALVLLGLSGGAAYSPQHAEGAPAFDVQLQLPCRQYPGYCAMVRRAIAQGHAAVCTLARGGKAQRRQQSLQGIPRRAGYTRAEHPFADCLEGGAGSFVQYVAAADNNGAGAWLRNHLSGYQDGTKVLFVAR,57
sampled_seq_72,-1.052646601965668,MIKKWAVHLLFSALVLLGLSGGAAYSPQHAEGAAAYDTTWNYPTSTYPESGRMIKAAIAEGHAAVCTLRRSTATQRKNQSEAGIPAKSGYGRFEWPAAMCVEGGTGSRVAYVEQSDLNGAGTWYSNTYSKYADGTKIKNVVD,53
sampled_seq_73,-1.1693167030264475,MIKKWAVHLLFSALVLLGLSGGAAYSPQHAEGAADFDEVLHYPAEQYPQSGEHIRLAIERGFSSVCTLTRDGENQRRDQSLAGIPQRVGYMRHEWPFAHCSEGGLGSAVMYVDQADNSGMGAWLRGRLSAYGDGTRILWVIY,55
sampled_seq_74,-0.9781881209907182,MIKKWAVHLLFSALVLLGLSGGAAYSPQHAEGAGDFDVTLTFPDDVYPEAGAMVEQAIAEGHAAVCTLRRLDHRARLKQSLAGIPRRRGYDRHEWPFSWCEEGGDGAAVRYVQREDNRGAGGWLSQTLSGYADGTRVLWTVG,51
sampled_seq_75,-1.037477615776412,MIKKWAVHLLFSALVLLGLSGGAAYSPQHAEGAGKWDTTVQLPCATFPESCAHIKEAIAQGKAQVCTLARSGESTRRNQSLAGIPKKTGYSRHEWPYSRCTEGGAGSGVRYVPYDDNNGMGTWIGNTMSTYADGTKVKLVCG,58
sampled_seq_76,-1.0688785937947964,MIKKWAVHLLFSALVLLGLSGGAAYSPQHAEGAHMHDVDLYLPIDQYPEAGAHIKQAISEGHAAICTLERAAQRERLKQSLEGIPQREGFDRFEWPIALCQEGGTGSSVRYVKTDDNQGAGSWLRQRLSFYDDGTKVKFIVE,49
sampled_seq_77,-1.1700513647236954,MIKKWAVHLLFSALVLLGLSGGAAYSPQHAEGASTFDAVVYFPCERFPASCALVHTEISNGHASVCTLDRAGRAIRRNESLHGIPAREGYDRHEWPFAGCREGGAGAAVQYVPRADNKGFGAWLREWLGGYADGTKLRFVVS,54
sampled_seq_78,-1.1608666236247491,MIKKWAVHLLFSALVLLGLSGGAAYSPQHAEGAMAYDVKVVYPKKTFPYWGDHVKRAIAAGHPEVCTLSRAARSQRYNEALEGIPKKPGYVRDEWPFATCEEGGEGSAVRYVPKEDDQGAGRWFQNYSSRYEDGTKILFEIG,55
sampled_seq_79,-1.1155158926587585,MIKKWAVHLLFSALVLLGLSGGAAYSPQHAEGAERFDAVMLLPNDEFPESGAHIRNAIAAGFSQVCTIDRATADRRREQALAGIPAEDGFDRHEWPLSTCKEGGEGAAVTYVPQADNRGYGRWLGAYLSGFADGTRILLVAA,50
sampled_seq_80,-0.8087316390571244,MIKKWAVHLLFSALVLLGLSGGAAYSPQHAEGAMAYDAVLTFPAAAYPASGAQIKSAIAQGHAAVCTLDRSGAATRADQSLAGIPKKTGYVRDEWPMAVCVEGGTGSAVQYVPAADAQGAAAWLAQQLGAYADGTKILIVVD,49
sampled_seq_81,-0.8900692441047878,MIKKWAVHLLFSALVLLGLSGGAAYSPQHAEGAADYDAEVDLPRAQFPSAGKHIRTAIAQGKAAVCTIDRAGEAARRAQSLAGIPAKPGYDRDEWPFAICREGGNGSAVQYVPSDDNQGMGRWLGRLLSRYADGTRIRFVVK,49
sampled_seq_82,-1.23259630115754,MIKKWAVHLLFSALVLLGLSGGAAYSPQHAEGAMTYDFTLALPCSAFPAACAHVARAVSEGHAAVCTIEARAHAVKADEALVGIPGRAGYDRDEWPFAWCKEGGKGSGVEYVPADDNLGYAAWLAATLGAFADGTRVLFKVQ,54
sampled_seq_83,-1.1116645183038274,MIKKWAVHLLFSALVLLGLSGGAAYSPQHAEGAYDFDVRVWLPCATYPEACAQVRRAIAEGHPRVCTLSRAGRRVRRDASLQGIPGRRGYDRHEWPFANCEEGGTGARVTYVPEADNAGMGRWTATRLAQYADGHRVLFVVE,54
sampled_seq_84,-1.1281806875806335,MIKKWAVHLLFSALVLLGLSGGAAYSPQHAEGATDHDTVWDLPCAEFPESCAMIRAAIEFGKSRVCTLARAGARARRQQSLAGIPSKRGFDRHEWPFAFCQEGGRGSLVRYVPYLDNQGMGNWFGASAARYADGTKVLYRVG,54
sampled_seq_85,-1.1491095166687573,MIKKWAVHLLFSALVLLGLSGGAAYSPQHAEGAGEYDVVVQLPCDTYPEACRHIQSAINEGHAAVCTIERELASLRRGQALRGINNKRGFHRFEWPMAICQEGGRGSKVQYVPASDASGFGKWLHWKLSGYADGTRVRFVVE,51
sampled_seq_86,-1.0650523474457068,MIKKWAVHLLFSALVLLGLSGGAAYSPQHAEGAADYDIQVTVPADTYPESAAVIKQAIKEGFSDVCTLDRAGEKARADQSLKGIPRMTGYERHEWPFASCVEGGKGAQVQYVNMDDNNGFGEYMRKTLSAYADGTRVKFVID,54
sampled_seq_87,-1.045489249973122,MIKKWAVHLLFSALVLLGLSGGAAYSPQHAEGANDFDDRLYFPLNTYPHAGNHIRKAIAEGKASVCTLKRAGQGKRRKASLRGIPTRPGYTRDEWPMAFCREGGRGSAVRYVPAADNNGMGSWLRNKLSKHADGTRILFVAQ,45
sampled_seq_88,-1.0255276741237815,MIKKWAVHLLFSALVLLGLSGGAAYSPQHAEGAGTFDVELSLPCEKYPQACASIAQAIREGHAKVCTLDRAGRSARRDEALAGIPSKPGYVREEWPYASCKEGGAGSKVRYVANADNQGFGNWLRSELDQYEDGTRVLFKVG,54
sampled_seq_89,-1.164847907670047,MIKKWAVHLLFSALVLLGLSGGAAYSPQHAEGAWTFGVTWQYPADAFPQAGAQIREAISQGHSAVCTLKRASAASRADQALAGIPTRPGYGRHEWPASVCEEGGAGALVRYVPLADNRGAGTWIRRRLSSYANGTRIRQVVD,55
sampled_seq_90,-1.2023743795692374,MIKKWAVHLLFSALVLLGLSGGAAYSPQHAEGAMDFDRELLFPCSQYPEACDHIRTAIKEGFSSVCTLDRAGQGKRYTESLQGIPQKSGHLRDEWPMATCLEGGVGSRVRYVPNPDGQGARNWLNTWLSGFKDGTKIKFICG,52
sampled_seq_91,-1.3199856259407254,MIKKWAVHLLFSALVLLGLSGGAAYSPQHAEGASEYDVELIFPAEVFPEAGAMVKSAIAQNFPEVCTLARDGQERRLDESLQGIPSKEGYDRHEWPTAFCCEGGTGAQVTYVKHTDNRGNGHWISGTLSNYEDGTKVLFKSK,55
sampled_seq_92,-0.9315056057151304,MIKKWAVHLLFSALVLLGLSGGAAYSPQHAEGASRFDATWVLPAAQFPQAAAHIRDAIADGHAAVCTLDRAGQTEREDESLAGIPRREGFDRDEWPFATCVEGGTGSAVRYVPKADNRGMGDWLNNSLAQFADGTRILLVVA,49
sampled_seq_93,-0.8995034454065726,MIKKWAVHLLFSALVLLGLSGGAAYSPQHAEGASDYDVTWTFPADTFPEAGAMIKAAIAAGHASVCTLDRAGQQQRRNESLAGIPNRDGFERHEWPMAQCVEGGKGSAVTYVPVDDNSGFGKWYQDTASNYANGTKILTIVD,50
sampled_seq_94,-0.9953164616856006,MIKKWAVHLLFSALVLLGLSGGAAYSPQHAEGAGMYDAELVVPCETFPDACELIRAAVAEGHAEICTLQRERAGERRREALAGIPSREGYERHEWPFAMCREGGAGARVRYVPGEDHRGFGFWLVNELARFADGTRILFRVE,55
sampled_seq_95,-0.9570371995278456,MIKKWAVHLLFSALVLLGLSGGAAYSPQHAEGAHLYDAVLHLPAATYPQTGAHVRRAIALGHAAVCTLSRAEAGARRRQSLAGIPQREGYVRQEWPMATCREGGLGAAVRYVPVEDGQGANQWLAGYLSGYADGTRILFVVD,47
sampled_seq_96,-1.028589441141951,MIKKWAVHLLFSALVLLGLSGGAAYSPQHAEGAMEYDATLYLPAEKYPESAAHISLAIREGKAKICTLSREGQRKRRDASLAGIPKKEGFERHEWPFSFCEQGGKGSSVKYVPQDDNQGFGRWLSNTLSNFADGTKILFVYT,49
sampled_seq_97,-1.1357164995385969,MIKKWAVHLLFSALVLLGLSGGAAYSPQHAEGAMDFDATLVLPCDEFPESGAVIAHAIRQGHSAVCTLAREGRQKRRRESLAGIPTRTGYQRDEWPFAQCMEGGAGSEVQYVHHNDSSGFGAWLGNWLSQYADGTRIRFEVL,51
sampled_seq_98,-0.9435136427573108,MIKKWAVHLLFSALVLLGLSGGAAYSPQHAEGARDYDAVLYLPCKSYPEACATIRQAMAEGHAAVCTLDRAGEAVRRDEALMGIPSKPGYDRHEWPMASCREGGKGSRVRYVPWDDNRGFGAWLATHISGFADGTRIKFVAD,48
sampled_seq_99,-0.9835282771959216,MIKKWAVHLLFSALVLLGLSGGAAYSPQHAEGAMSYDAQVVFPADRFPASAALIKTAIAEGHASVCTLDRAGRNARRNASLKNIPDRPGFDRHEWPFAWCREGGQGAKVEYVPCADNHGAGGWLSSWLSAYSDGTRIRIVAG,51
sampled_seq_100,-1.1228793782925388,MIKKWAVHLLFSALVLLGLSGGAAYSPQHAEGAGAYDAEWKYPDKKYPESGNHIKEAIMKGFSKVCTLSRGSERQRREEALRGIPKKDGYDRHEWPAAICIEGGRGSDVRYVKSSDNQGAGSDERSWLAQYADGTRILDVIQ,51
sampled_seq_101,-0.9648373105110378,MIKKWAVHLLFSALVLLGLSGGAAYSPQHAEGATSFDAELELPCQEFPESCAHIRAAIAAGHAAVCTLDRHGASARRKESLKNIPDKKGYERHEWPFAWCKEGGKGSAVRYVKAKDNRGHGSWLKNTLNAYADGTRIKFTVP,45
sampled_seq_102,-1.2158343113890482,MIKKWAVHLLFSALVLLGLSGGAAYSPQHAEGATDHDVTWDYPSAQYPESGEQIRLAINLGYADVCTLDRAGQRKRDFEALSGIPNLPGFVRAEWPFAFCKEGGLGSWVAYVNASDAMGAARWASDQLASYADGTRVKVVVA,56
sampled_seq_103,-1.1241092506898651,MIKKWAVHLLFSALVLLGLSGGAAYSPQHAEGAGSYDVVVYFPSSVYPQSAALLRQAIGQGHAWVCTLARKEADIRRAQSLKGIPQKEGYDRHEWPAAYCKEGGKGSGVRYVDHADNQGAGRWLADWLSRFADGTKVKIIAE,50
sampled_seq_104,-1.0032118351087658,MIKKWAVHLLFSALVLLGLSGGAAYSPQHAEGASMFDVVLEFPAKTFPQAGAMIKQAIAEGHSAVCTLQRARAKRRRVDSLRGIPGRPGYDRHHWPFASCLEGGQGSGVRYVEARDNRGAGSWIRQHLNRFADGTRVLFVVK,49
sampled_seq_105,-1.1151987478273724,MIKKWAVHLLFSALVLLGLSGGAAYSPQHAEGASNFDAVMHFPGDQFPQAAAMIRRAIAQGHSAVCTLDRAQQRKREDESLKGIPSKTGFVRFEWPMASCKEGGKGSSVEYVDAADAQGMGRYLAAKLGGFEDGTRIKFIKE,54
sampled_seq_106,-1.0358508048801247,MIKKWAVHLLFSALVLLGLSGGAAYSPQHAEGAGDFDAVLDLPADQYPESGAHIKQAIADGKADICTLNRSKKKARQGESLKGIPKRQGYDRDEWPMASCIEGGKGSKVVYVKSTDNNGFGRWLSERLAQYKDGTRIKFVIR,46
sampled_seq_107,-1.1381880733944951,MIKKWAVHLLFSALVLLGLSGGAAYSPQHAEGAPRYDVVMKHPCATYPQGCAQIAKAISEGHAAVCTLARSSAGTRRTQSLNGIPKRDGYDRHEWPAAWCKEGGLGSSVTYVNVSDNSGDGAWTSNKLSGYADGTRILFTVV,47
sampled_seq_108,-0.9868057670943234,MIKKWAVHLLFSALVLLGLSGGAAYSPQHAEGARNYDVEMNLPGDDFPYSAAHIQLAIQQGKAWVCTLERAGAEARREQSLAGIPERPGFERHEWPFAHCREGGAGASVMYVPAADNRGMGTWLANTLNAFADGTRVRFVVD,50
sampled_seq_109,-1.1013068802859804,MIKKWAVHLLFSALVLLGLSGGAAYSPQHAEGATNYDAELLLPCSEYPASCAQISAAIAEGKSKVCTLDRKSASQRKAEALRGIPARPGFIRHEWPFANCQEGGDGSAVKYVPSSDGQGFGKWLDQFLANYADGTRILFKVQ,51
sampled_seq_110,-1.0044352680171302,MIKKWAVHLLFSALVLLGLSGGAAYSPQHAEGAMSYDAKLVIPCASYPESCAMIKRAIAQGHSAVCTLDREQQSRRRQESLAGIPAKPGYDRHEWPLAECIEGGKGAAVQYVPYQDNRGFGKWLWNHLAQFNDGTRIKIVVE,49
sampled_seq_111,-1.0638925394880665,MIKKWAVHLLFSALVLLGLSGGAAYSPQHAEGAMGYDTRVKLPCKSFPQACAHIRDAISKGHAAICTLDRAQRSRRLQQALKGIPKKSGFTRHEWPQAFCKEGGKGSAVRYVKSDDANGFARWLSNRLRGYKDGTKVLHIVS,53
sampled_seq_112,-1.0914016863621705,MIKKWAVHLLFSALVLLGLSGGAAYSPQHAEGAGEYDAVLEVPCEQFPEACKHIARAIRNGHESVCTLNRAQQKVRSDESLEGIPEREGYDRDEWPMSWCVEGGEGSSVAYIEASDNRGYGAWLSGELSQYDDGTKILWVVE,54
sampled_seq_113,-0.9442693027881308,MIKKWAVHLLFSALVLLGLSGGAAYSPQHAEGAADYDVTLTLPTSTYPEAGAMIARAIKQGYAAVCTLSRAEAAKRRAQALKGIPSKSGYNRHEWPMAQCKEGGKGSAVEYVPFSDNGGFGAWLRAELSRYADGTRVKLNVK,48
sampled_seq_114,-1.090844670566944,MIKKWAVHLLFSALVLLGLSGGAAYSPQHAEGAKDYDAEVHFPANKYPEAGRMIRIAIEEGHSDVCTLNRAGAARRRQASLKGIPTREGYDRHEWPMAYCEEGGDGSRVEYVNRADNRGMGHYLRNFMSGFADGTKILFIVD,45
sampled_seq_115,-1.0249001739221977,MIKKWAVHLLFSALVLLGLSGGAAYSPQHAEGAENYDAKLKYPVNQFPESGAMISEAIKQGYARTCTLDRAGARRRRKESLKGIPMKSGYIRAEWPFASCKEGGKGSYVRYVKTSDGQGAAAWLRKHLSQYANGTKILFIVK,48
sampled_seq_116,-1.3080294547824685,MIKKWAVHLLFSALVLLGLSGGAAYSPQHAEGASPFDATAIFPCEQFPQSCRQIASAIAEGYSSVCTLERWAFRERLNQSLKGIPRRDGYVRHEWPMSACREGGTGSRVEYVEESDSQGSARWMRTWSAQFPDGTRIQVKVG,65
sampled_seq_117,-1.1138702532567015,MIKKWAVHLLFSALVLLGLSGGAAYSPQHAEGAGSYDAELELPCRKYPETCAHVKAAIAEGFRAVCTLEREQESERKKESLWGIADKPGFDRHEWPFSLCQEGGKGAGVSYVPHDDNRGMGRWLSEKLSKYADGTKIKLVVR,52
sampled_seq_118,-1.084331967415066,MIKKWAVHLLFSALVLLGLSGGAAYSPQHAEGAGSFDTKLLYPANKYPNSGDHIALAISEGYADVCTLDRAKRANRRTESLRGIPSRSGYHRFEWPFAFCKEGGSGSSVRYVPADDGNGDATWLKNNLAKYADGTKVKFVVS,55
sampled_seq_119,-0.9327284086734876,MIKKWAVHLLFSALVLLGLSGGAAYSPQHAEGAGSHHATVTLPVAQFPHSGAHIKQAIAEGKAAVCTLNRAGETTRRNQSLAGIPAKPGYDRDEWPFSLCVEGGAGSSVRYVPTSDNQGWGNWFKNFNNGYADGTKLLYTIG,53
sampled_seq_120,-1.1842819353856078,MIKKWAVHLLFSALVLLGLSGGAAYSPQHAEGAMSFDTVINFPRVQYPDAGALIKSAINEGHSAVCTLDRAQQSKRLDAALLGIPDRNGYGRFCWPASNCVEGGAGSKVQYVPAADNNGAGNWLKNRLSSYADGTRVLGIVG,56
sampled_seq_121,-0.9485984592262758,MIKKWAVHLLFSALVLLGLSGGAAYSPQHAEGAMNYDTTLTLPTAQYPEAGALIKAAISQGFSNVCTLERSSATQRRDESLAGIPGKAGFNRHEWPMAMCREGGKGSAVAYVESSDNQGMGKWLATTLSSYADGTRIKIVAS,46
sampled_seq_122,-1.048449665034583,MIKKWAVHLLFSALVLLGLSGGAAYSPQHAEGAKKYDVELVFPIAKFPESGAVIKNAIDEGHSKVCTLDRFSRAERRDQSLKGIPVKPGYGRHEWPFADCKEGGKGSRVEYVDYKDDSGYGKWLANTLSKYSDGTKVLMVVK,53
sampled_seq_123,-0.9680857527146646,MIKKWAVHLLFSALVLLGLSGGAAYSPQHAEGASMFDARLALPCETFPAACDHQRRAIAEGHAHICTLKRADAARRRRESLAGIPDRPGFERHEWPFALCEEGGAGSAVRYVPQEDNRGFGDWLRHTLAHYLDGTRILFEVD,53
sampled_seq_124,-1.0967731300843966,MIKKWAVHLLFSALVLLGLSGGAAYSPQHAEGAADYDVTVFLPCENFPAAGEVIKQAIAEGHSSICTLARASSARRRTESLSGIPEKEGFGRHEWPFASCEEGGLGAKVAYVPYEDINGANSWLRRHLARYADGTRVKFVVN,53
sampled_seq_125,-0.990557609348122,MIKKWAVHLLFSALVLLGLSGGAAYSPQHAEGAGNHDATRILPCARYPESCEHIRLAIAAGHAAVCTLDRLQARQRRKQSLAGIPRRSGFGRDEWPMAWCLEGGAGSAVWYVPLADNQGAGTWLANELSAYQDGTKILYVVQ,50
sampled_seq_126,-1.1797160577336585,MIKKWAVHLLFSALVLLGLSGGAAYSPQHAEGASDYNVKLKFPVSQFPEAGSVIKKAIYNGQARVCTIDRAGQRKRRDESLLGIPHRPGYKRHEWPFSSCREGGKGSTVKYVRATDSNGAGRWLNGFLAGYSDGTKVLFIVE,51
sampled_seq_127,-0.9459326507848336,MIKKWAVHLLFSALVLLGLSGGAAYSPQHAEGAYDYDAELHVPGDVYPEAASHIRKAVQQGHASVCTLDREGASARRSQSLRGIPKKAGFQRHEWPFAFCKEGGKGSAVQYVAQADNSGFGSWLSNRLSRYADGTRILFVVD,47
sampled_seq_128,-0.9713862707855504,MIKKWAVHLLFSALVLLGLSGGAAYSPQHAEGAADYDVTWNFPTNSYPHAGAHIKQAIAQGFAAVCTLDRKNQSARRRQSLKGIPKRSGYDREEWPFAACQEGGKGSSVRYVPCADNGGAGKWLNGWLSGYADGTKIKFIIG,48
sampled_seq_129,-0.970219183405605,MIKKWAVHLLFSALVLLGLSGGAAYSPQHAEGASDHDAVLELPCDRYPQAGAHVREAQRAGHAAVCTLDRAGRRRRLSQALAGIPARPGHHRDEWPMAECREGGRGAAVRYVDKADGQGLARWLARYLARFADGTRILTRVA,53
sampled_seq_130,-0.8550700616399083,MIKKWAVHLLFSALVLLGLSGGAAYSPQHAEGAVDYDAVLNLPSSQFPYAGAHIKQAIKEGKSDVCTLERAGANQRRKESLKGIPSKSGYIRAEWPFAVCVEGGKGSSVRYVPAEDGNGYSAWLSRTLSGYADGTRIKFVVG,45
sampled_seq_131,-1.0051745493477635,MIKKWAVHLLFSALVLLGLSGGAAYSPQHAEGAGSYDVEVIFPAESFPAAGAVIKKAIANGYAPVCTLNRSESGIRRNESLAGIPTKPGYTRHEWPFASCVEGGAGSYVQYVPKDDSDGMGQWLSKKLSAYADGTRVLFRVA,52
sampled_seq_132,-0.948164563660228,MIKKWAVHLLFSALVLLGLSGGAAYSPQHAEGAMAYDVTWFTPCEKYPQWCKMVKEAIARGHAAVCTLERAGRNKRREESLRGIPRKQGYGRQEWPMAICKEGGKGSAVRYVDYEDNNGAGRWLGRDLDQYADGTRVRVVVE,50
sampled_seq_133,-1.1317711926381522,MIKKWAVHLLFSALVLLGLSGGAAYSPQHAEGAALFDTTLVFPADTYPGSGAMIRNAISQGFAAICTLERAQSRSRRDQSLKGIPNSTGYNRHEWPFAICREGGTGSAVRYVPAADNGGAAGWAARQLSQYADGTRVLIVVQ,52
sampled_seq_134,-0.9793148215757598,MIKKWAVHLLFSALVLLGLSGGAAYSPQHAEGAMTHDAVVLLPADTFPAASAMIRDAIQRGHAAVCSLAREGEKVRRRQSLAGIPSRPGFDRHEWPFSICTEGGQGSDVRYVPIADNQGMGRWLRATLAAYADGTRLLFEAQ,53
sampled_seq_135,-1.2760447930852208,MIKKWAVHLLFSALVLLGLSGGAAYSPQHAEGAIDFDVTWKMPCDQYPQSCEHIRTAIKQGHADVCTLNRAGRHARRTEALKGIPEKPGYDRHEWPHACCVEGGFGSDVRYVYSIDNRGMGLWTATSEAKFRDGTRVRYVVE,53
sampled_seq_136,-1.0529146806909404,MIKKWAVHLLFSALVLLGLSGGAAYSPQHAEGATDYDTVLVYPGAEFPASAAMIRYAIAQGKADICTLQRAGADQRRSESLAGIPKRPGFDRDEWPFAWCVEGGHGSAIQYVPAADNQGAGAYLSKYLSGYKDGTRIKFVVL,50
sampled_seq_137,-1.2365983035586297,MIKKWAVHLLFSALVLLGLSGGAAYSPQHAEGAGMYDAVLVLPCAEHPDACSHVRAAISAGKSRVCTLLRDDEQVRFEQSLLGIPTRPGFHRDEWPAAICEEGGAGSAVTYVPFDDNRGLGNWLSQYLSGYDDGTRILIVIG,53
sampled_seq_138,-1.2768305507274942,MIKKWAVHLLFSALVLLGLSGGAAYSPQHAEGASSWDVRLSLPIQQYPHYGKLVAEAIAMGHAAVCTLQRKGEVARKRSALQGIPRRSGFQRHHWPYSICLEGGMGSAVRYVPEEDSSGANRWLHQTLAGYADGTRILMEVE,59
sampled_seq_139,-1.0437870550593105,MIKKWAVHLLFSALVLLGLSGGAAYSPQHAEGASLYDATLNYPTEKFPESGAQIAEAIQNGHASVCTLARAYAKQRREEALLGIPRKEGYDRAEWPFAICEEGGKGSRVEYVPARDNRGAAGWLGKELSKYKDGTRILFIVK,47
sampled_seq_140,-1.0033398549491113,MIKKWAVHLLFSALVLLGLSGGAAYSPQHAEGAISFDAEMYIPMRSFPASGAVIAKARAEGHAAVCTLDRAGQTKRRKQSLAGIPKKDGFVRHEWPFALCKEGGKGSRVEYVPSADGQGFKRWLAQTLSQFADGTKIRFVVK,56
sampled_seq_141,-1.1529406626290135,MIKKWAVHLLFSALVLLGLSGGAAYSPQHAEGAMTYDKTLHYPTKKYPQSGATVKTAISRGHARVCTLKRKGAQTRRKQSLKGIPRKSGYKRFEWPMSYCQEGGKGSSVQYVDKADAHGAQVWLHNTLSKYKDGTKILFIIG,51
sampled_seq_142,-0.9846884351257884,MIKKWAVHLLFSALVLLGLSGGAAYSPQHAEGAGTYDATLVYPASTYPESGAMIKAAIAKGFSAVCTLDRSGTGNRRAQSLVGIPSKSGFGRHEWPFALCKEGGAGSGVVYVPLKDNSGAGTWLNNYLSSYNDGTKIKIVVD,51
sampled_seq_143,-0.98836846307877,MIKKWAVHLLFSALVLLGLSGGAAYSPQHAEGAGLHDVKLQMPGDRFPQSAEHIREAIARGHAAVCTLDRASQGQRRKQSLAGIPARPGFMRFEWPEADCVEGGLGAAVRYVDAADGQGFNKWLREELAQFADGTRVLFVVD,56
sampled_seq_144,-1.023943209866865,MIKKWAVHLLFSALVLLGLSGGAAYSPQHAEGAMTYDAKWYLPVKQYPQAGALIKKAMDAGHASVCTLDRSAQTQRSDQSLKGIPAKKGYDRHEWPFAICKEGGKGAAVQYVPATDNQGFGKWFTDQMSAYKDGTKILMIVN,52
sampled_seq_145,-1.2483268527809632,MIKKWAVHLLFSALVLLGLSGGAAYSPQHAEGAGMHDVVQNWPCSAYPDACAMVKAATSAGKASVCTIERTGAATRRDEALRGIPGREGYERHEWPFAMCKEGGKGSVVRYVPAYDNQGDGKWLQNNLAAYKDGTKVLGVCD,54
sampled_seq_146,-1.0885566221464664,MIKKWAVHLLFSALVLLGLSGGAAYSPQHAEGASMYDKKLTFPSKQYPNAGATIREAIGQGHPSVCTLDRGGSGRRRDQSLKGIPNRSGYTRHEWPMAMCLEGGKGSRVRYVPTNDSQGAGMWAGKNLSKYADGTRILYVVQ,47
sampled_seq_147,-0.9064667727969108,MIKKWAVHLLFSALVLLGLSGGAAYSPQHAEGAAEYDVVEIFPAMQFPHAAAQVKAAIAEGHAAVCTLDRAGQARRRKESLAGIPRKPGYDRHEWPMAICREGGAGSRVKYVPAADNNGMGAWLMQHLSRYDDGTRILYKVG,50
sampled_seq_148,-0.8605267585964378,MIKKWAVHLLFSALVLLGLSGGAAYSPQHAEGAGEYDAVLEFPSSTFPQSGATIAQAISDGHAAVCTLDRAGARRRANESLAGIPDRPGYGRHEWPMAICEEGGVGAKVTYVDRSDNNGAGTWLSETLAGYADGTRIKFIVR,43
sampled_seq_149,-1.0218055795092102,MIKKWAVHLLFSALVLLGLSGGAAYSPQHAEGAPSYHVELLFPTSRFPEAGAHIRQAMAEGHASVCTLERGGWRTRRNQSLSGIPEKPGYDRDEWPFALCKEGGYGSSVRYVKRTDNQGFGSYLAQKLSGYADGTKVLFVVE,45
sampled_seq_150,-0.882808440322176,MIKKWAVHLLFSALVLLGLSGGAAYSPQHAEGAMAYDVTLNYPTAQFPASGAHIRQAIAQGHAAVCTLNRSGAAARRSASLQGIPTNSGFGRDEWPMSICTEGGTGSAVRYVPLADLNGAAAWLATTLSGYSDGTKVLFIVH,49
sampled_seq_151,-0.9285453306425602,MIKKWAVHLLFSALVLLGLSGGAAYSPQHAEGAMSYDAVLTFPAQTYPESGATIKLAIALGHSAICTLQRADASTRRRQALAGIPACSGYDRHEWPFATCTEGGTGSMVQYVRASDNNGFGSWLRNELAKYADGTKILFTVS,49
sampled_seq_152,-1.2540824960131165,MIKKWAVHLLFSALVLLGLSGGAAYSPQHAEGAVDYDVTVTVPVSRFPRAGAHRRRAIAQGHSDVCTLDRAGARTRADQSLAGINLRPGYDRMEWPMAFCVEGGRGAAVQYVRKADNSGYGAWLSKWLSTYEDGTRVRLVQK,54
sampled_seq_153,-0.8793701731830562,MIKKWAVHLLFSALVLLGLSGGAAYSPQHAEGAMAYDDTWTFPEAQYPESGAHIKQAIAEGQAAVCTLDRAGQQKRFQESLAGIPKKDGFQRHEWPAAKCKEGGKGSSVQYVPAADNNGAGEWARNELSKYADGTKIKVVVN,46
sampled_seq_154,-1.0445054080508172,MIKKWAVHLLFSALVLLGLSGGAAYSPQHAEGACDFDATRTFPGSTFPESYAMIRQAISEGHASVCTLNRAGQRQRADDSLAGIPAREGYDRHEWPMSVCEEGGVGSSVRYIDVDDNQGFGAWLRNELNGYADGTKIKFVVE,51
sampled_seq_155,-1.1323238687777737,MIKKWAVHLLFSALVLLGLSGGAAYSPQHAEGAANYDTILVYPGARFPAAAEHIRAAIAMGHSAVCTLVRAAQEIRMRESLSGIPKRAGYDRHEWPMALCAEGGLGAAVRYVPSADNQGAGTWISRRLGRHKDGTRILFVVE,50
sampled_seq_156,-1.1202736250851133,MIKKWAVHLLFSALVLLGLSGGAAYSPQHAEGAMEYDAKLYFPCRTYPESCLVIKQAIEDGHSDVCCLDRAGWNRRKDQSLQGIPSKTGYDRHEWPFAWCKEGGKGSKVTYVRSEDNNGFGRWAASHLSKYRDGTRILIVVE,52
sampled_seq_157,-0.9689603333079488,MIKKWAVHLLFSALVLLGLSGGAAYSPQHAEGARSYDAVVVFPCDTYPQSCAHVREAIASGHAAVCTLKRSAARTRQQESLAGIPAKSGYDRAEWPFSSCEEGGKGSSVEYVQSADNRGFGSWLGSYLSGFADGTRIKFVVD,44
sampled_seq_158,-1.15465293674294,MIKKWAVHLLFSALVLLGLSGGAAYSPQHAEGAGGYDAEERFPMAQFPHAGATISAAIRSGHARVCTLARAGAKRRDSQSLKGIPARKGFDRHEWPMAICVEGGPGSAVQYVPADDNNGMGKWLADRLSHYADGTKIKWTVT,50
sampled_seq_159,-0.9303767353022864,MIKKWAVHLLFSALVLLGLSGGAAYSPQHAEGASNADVTVYLPCAAFPESCAQIKQAIAEGKASVCTLARASQNSRRNAALAGIPKKSGYLRHEWPMAICVEGGSGSDVRYVPTSDGSGYASWLASTLAAYKDGTKVLWVVN,59
sampled_seq_160,-0.9876110531868192,MIKKWAVHLLFSALVLLGLSGGAAYSPQHAEGAMAYDTTEILPATTYPEAAAHVRAAIAQGHDAVCTLARDGRKARRLASLAGIPDRPGFDRHEWPFSTCVEGGTGSAVQYVPKADNQGMGGFLQSRLAGFADGTKVLLVVS,55
sampled_seq_161,-0.9711449999328052,MIKKWAVHLLFSALVLLGLSGGAAYSPQHAEGAMNYDVMAYLPEETYPQSGEHVRQAIAEGHAAVCTLDREGRYVRLKESLRGIPKKDGYDRHEWPFAACKEGGKGSSVRYVRADDNNGFGEWLGRRLSSYADGTRVKFVVR,49
sampled_seq_162,-1.1655556915003225,MIKKWAVHLLFSALVLLGLSGGAAYSPQHAEGAMEYDKVWNLPCNNFPESCAHIKRAISEGHAAVATLDRKAQQQRRHQALQGIPSRKGYDRHEWPFAICKEGGRGSHVAYVPEDDNSGFGQWLVDFLSQYHDGTRILTVVA,57
sampled_seq_163,-1.0668715030775158,MIKKWAVHLLFSALVLLGLSGGAAYSPQHAEGAGMFDAQLVYPGERFPDSAAAIERAMAQGHAAVCTLARAAEATRRDQALAGIPDLPGYQRHEWPYDSCLEGGEGSAVVYVPAADASGAAAWLGNSLSAYADGTRILFTVE,57
sampled_seq_164,-1.2054685540155534,MIKKWAVHLLFSALVLLGLSGGAAYSPQHAEGAWSYDAVLALPCRRFPAACAHIAKAIANGHSAVCTLLRVAQALRRDESLIGIPTKPGYMRDEWPVARCEEGGVGASVAYVPSGDNAGYGRWLAKWLAQFADGTKIRFIVG,47
sampled_seq_165,-1.0627171927635823,MIKKWAVHLLFSALVLLGLSGGAAYSPQHAEGASDFDAKLYYPTAQFPESGSHVKKAMDEGHADVCTLKRSDQHKRRTQSLKGIPAKSGFERHEWPAARCVEGGTGSSVRYVPATDNRGAGAWWAGHLSKYNDGTRIKVIVG,48
sampled_seq_166,-1.3057381166230648,MIKKWAVHLLFSALVLLGLSGGAAYSPQHAEGAHEFDATVAMPGPQFPASAQMIKDAQAQGYAAVCTLDRAGQRRRFKESLKGIPNKPGFDREEWPFACCKEGGQGAHVRYVPATDNQGYGNWYKKHLKNYADGTKLLISVS,55
sampled_seq_167,-1.0575978690331136,MIKKWAVHLLFSALVLLGLSGGAAYSPQHAEGAGNSDAKLEFPCNKFPEACSMVAQAIKDGYSKVCTLDRAGQSARREQSLAGIPSKEGYGRHEWPFASCKEGGKGAHVKYVPFADNNGYGKYTAKELAKYADGTRILYDCS,57
sampled_seq_168,-1.0783433826691513,MIKKWAVHLLFSALVLLGLSGGAAYSPQHAEGASDYDVTLSFPCSKFPASCAHVAAAIKQGKASVCTIDRSGQRARREQSLRGIPTKSGYTRDEWPFAGCKEGGEGSKVRYVPFSDGQGAGRWLGAKLSAYNDGTKIKFVST,49
sampled_seq_169,-1.0684953042126577,MIKKWAVHLLFSALVLLGLSGGAAYSPQHAEGAASYDVTVLLPCNAYPQACAMVSKAISLGFSEVCTLQRSGAWARFNESLAGIPNRSGYDREEWPFAFCKEGGRGSYVQYVNKSDNQGFGRWLNQYLSTYADGTRILLVSG,53
sampled_seq_170,-1.107688133869696,MIKKWAVHLLFSALVLLGLSGGAAYSPQHAEGAMAYDAKLTFPVATYPESGSMIKSAISLGLPAVCTLERSSRTARFDQSLAGIPNKDGYDRHEWPLAICQEGGAGSAVVYVPRADSQGFGNWFNSWKSKYADGTKILIIVG,55
sampled_seq_171,-1.0870441121792576,MIKKWAVHLLFSALVLLGLSGGAAYSPQHAEGAGSHDVELWFPASEFPEAGAVIKAAIADGFSAVCTLQRADENRRRLESLQGIPRREGYDREEWPFAMCEEGGKGSAVRYVEASDQYGAGRWLSNKLSKYDDGTRILFVAS,48
sampled_seq_172,-1.192742023992976,MIKKWAVHLLFSALVLLGLSGGAAYSPQHAEGAMTYDHRLEFPAERFPETGDLIKQAIEEGHSRVCTLNRAGQHTRHQQSLQGIPKREGYERHEWPHCLCEEGGTGSSVRYVPSNDGNGSSSWLRHHLGKYDDGTRILFTVD,50
sampled_seq_173,-1.0074263406456063,MIKKWAVHLLFSALVLLGLSGGAAYSPQHAEGAMDYDVELHFPSDVYPQSGETIAAAIQDGQADVCTLDRAGENERRNQSLKGIPKKNGYHRHEWPFARCQEGGTGSKVRYVEASDHSGAGNWLRNKLSAYQDGTRIKLIVD,50
sampled_seq_174,-0.972450186353211,MIKKWAVHLLFSALVLLGLSGGAAYSPQHAEGAGSYDVELTFPRSAFPASGAMVRNAIAAGKAAVCTLDRAGADARRREALAGIATRTGYDRHEWPFALCREGGTGSSVQYVPHVDNHGMGSWLYTKLAQYADGTRVKVVVG,51
sampled_seq_175,-0.9887007267103284,MIKKWAVHLLFSALVLLGLSGGAAYSPQHAEGAMNFDVSVYTPAATFPEYAAHVRAAIAAGHADVCTLDRAGAQTRRAQSLAGIPSQAGYQRDEWPFASCVEGGQGSSVVYVPAADNTGMGSWLSSELAQFADGTKVRFTVT,52
sampled_seq_176,-1.1415897334387544,MIKKWAVHLLFSALVLLGLSGGAAYSPQHAEGAASYDVSLTFPCNTYPSSCRHIKRAISMGYAKICTISRAGANLRKQQSLRGIPSKPGYTKDEWPAARCKQGGTGSSVTYVPSNDANGAGAWLASTLNNYSDGTRILFTVG,49
sampled_seq_177,-1.1486782108971831,MIKKWAVHLLFSALVLLGLSGGAAYSPQHAEGAADYDVELDVPDRKFPESAALIKRAIELGHAAVCTLERRGRHIRHRESLRGVPARRGYMRHEWPFAQCKEGGRGSAVEYIPYDDGKGFGKWLSNTLSKYKDGTRVLFRMK,57
sampled_seq_178,-0.9183879467325472,MIKKWAVHLLFSALVLLGLSGGAAYSPQHAEGAMSYDATLKFPCQKYPEACAQIKKAISEGHANVCTLERAGQTERRKASLKGIPDKAGYNRHEWPFALCKEGGTGSSVKYVPTDDQSGAGAWLKTKLAKYADGTKILQIVD,49
sampled_seq_179,-1.0851404032575975,MIKKWAVHLLFSALVLLGLSGGAAYSPQHAEGAGDYDAEMRLPCAQFPFSCACIKASIGQGHADVCTLDRAGQKARSNQSLKGIPSKDGYERHEWPFAFCKEGGKGSTVQYVPRDDEQGYGAWLQNTLSQFQNGTRIKVIAD,59
sampled_seq_180,-1.031222982144137,MIKKWAVHLLFSALVLLGLSGGAAYSPQHAEGAWEWDAVLTFPAKAFPESAAHVKAAIAAGKARVCTLDRAGHQQRQNEALAGIPGRPGFDRHEWPTAVCKEGGKGSAVKYVPAADNLGFGKWLANALAGYDDGTKILFQVS,49
sampled_seq_181,-1.0368422062025158,MIKKWAVHLLFSALVLLGLSGGAAYSPQHAEGASMEDTTLVYPASKYPAAGSHVKDAISDGQAAVCTLDRAGRKQRQRESLKGIPKRKGFTRHEWPMAFCEEGGKGASVRYVPADDSNGAGGWLSNKLSKYADGTKILFKIS,45
sampled_seq_182,-1.189299977153813,MIKKWAVHLLFSALVLLGLSGGAAYSPQHAEGAMDYDATLVFPCDHFPQSCAQIRQAIAEGHPAVCTLNRAQAKERRVQSLAGVPKRPGYARFEWPSAWCEEGGRGSRVTYVAQDDNMGYGKWFAWRTSAYADGTRILFVSS,55
sampled_seq_183,-1.2289967668165855,MIKKWAVHLLFSALVLLGLSGGAAYSPQHAEGAAEYDAVHSFPGDIFPHSAATIRVAQARGHSSVCTLNRGAQNYRLSQALAGIPAKEGYDRHEWPMAICEEGGSGSLVRYVPERDNQGFGAWLRAHLARFADGTRIRYVVI,55
sampled_seq_184,-1.1702623279816513,MIKKWAVHLLFSALVLLGLSGGAAYSPQHAEGASDHTTVLYLPASTYPYSAQLIRQAIQEGHADVCSLDRGRQAERRRESLAGIPTRPGYVRAEWPFALCREGGSGARVQYVPTADGMGMKGWLGKYLSGYADGTKVLFRCD,53
sampled_seq_185,-1.062435465121488,MIKKWAVHLLFSALVLLGLSGGAAYSPQHAEGACGHDATLYYPASEFPFAAAQMAKAIKEGHAAICTLARSSQGARRDQALAGIPGRPGFHRAEWPFSSCLEGGTGAKVTYVPAADNSGMGTWIRNYLARFADGTKIRFVVD,55
sampled_seq_186,-1.116943079397219,MIKKWAVHLLFSALVLLGLSGGAAYSPQHAEGASDFDYRLHMPWQRFPEAGALINQAIAEGYAEVCTLDRKGSTTRRNQSLRGIPSRPGFGRFEWPMAACTQGGSGSAVRYVPLDDNNGYGAWLGRFLSAYADGTRILFTVS,50
sampled_seq_187,-0.9739130702587444,MIKKWAVHLLFSALVLLGLSGGAAYSPQHAEGATEFDAEVELPCAAFPEACAQIQAAIGEGHAAVCTLESGQSGRRRDESLEGIPEKPGYDRHEWPMAVCREGGVGSRVRYVPKDDNQGFGAWLSEQLSSYADGTKLRLVVG,54
sampled_seq_188,-1.2815056197140196,MIKKWAVHLLFSALVLLGLSGGAAYSPQHAEGARDYDATLIYPADQYPAAGAHIRKAIEQGHADICTLDRSGRRQRLREALRGIPRREGFERHHWPGANCVEGGTGSTIRYVPRSDHQGADRWLTDTLSMWANGVRIRVVTR,57
sampled_seq_189,-1.0638339541373996,MIKKWAVHLLFSALVLLGLSGGAAYSPQHAEGASKYDVVRHEPTKAFPQAGATIKAAVSQGHAAVCTLKRASAKARAKQSLKGIPKKRGYDRHEWPFASCSEGGKGAKVTYVRRKDNGGMGRWLDKTLAAYADGTKVEFRVK,54
sampled_seq_190,-0.9040160572856938,MIKKWAVHLLFSALVLLGLSGGAAYSPQHAEGAMKYDAELNFPAADFPEAGALIKKAIADGKAAVCTLDRAGATQRRNESLKGIPNKKGFDRHEWPFAMCKEGGDGSAVQYVDSSDNAGAGTWLGATLSSYANGTKIKLVVD,45
sampled_seq_191,-0.9432091669205132,MIKKWAVHLLFSALVLLGLSGGAAYSPQHAEGAGVWDHELSLPAAAFPESAALIARAISEGHAAVCTLDRAGSRSRRDQSLKGIPTRAGYDRHEWPFALCEEGGTGSAVEYVPESDNRGFGRWLSATLSQYADGTKILFNLK,50
sampled_seq_192,-0.9345836114445958,MIKKWAVHLLFSALVLLGLSGGAAYSPQHAEGAMVHDARLYFPQSTYPAAGALIASAQSSGHAAVCTLARSAARRRRQEALLGIPARPGYDRHEWPFAHCREGGAGSAVRYVPAADNRGAGAWLRETLSRFADGTRILMIVP,46
sampled_seq_193,-0.9560294894997132,MIKKWAVHLLFSALVLLGLSGGAAYSPQHAEGAAAHDAKLRFPASTFPAAGAHIAAAIAAGQAAVCTLNRAGAAQRRDEALRGIPSRAGYDRDEWPFAGCREGGQGATVRYVPAADNQGAGQWIAYTLSKYSDGTRILFQVA,45
sampled_seq_194,-1.254078716313073,MIKKWAVHLLFSALVLLGLSGGAAYSPQHAEGADDFDEIVQFPSTVYPQAGAQIKRAIAEGHDAVCTLQRDSANQRRMESLAGIPKKSGYVRHEWPHSSCKQGGSGSAVTYIDAADGNGFNRWQGNWLSDYDDGTQILMVTE,60
sampled_seq_195,-1.1644173018429258,MIKKWAVHLLFSALVLLGLSGGAAYSPQHAEGAMTFDAVLKLPGKEFPESSAHMEKAVKEGHADICTLDRSAQKARRMEALKGIPGKEGFSRHEWPYASCLEGGKGSAVRYVQWSDNLGDGKWLAKHLSRFKDGTKIKYIID,52
sampled_seq_196,-1.1276191921409118,MIKKWAVHLLFSALVLLGLSGGAAYSPQHAEGAMAYDAVLHFPGSEYPDSGAMIRAAIAAGHAEVCTLERSAQLDRQRQSLFGIPKKPGFDRHHWPESICREGGTGSAVAYVRRSDNNGFGRWLKDKLSRYADGTRILFIIP,45
sampled_seq_197,-1.06760224508583,MIKKWAVHLLFSALVLLGLSGGAAYSPQHAEGASRYDEVWEFPAATYPASGAHIRAAIQQGHAAVCTLDRSSAEVRQIESLAGIPARPGYDRDEWPFAFCREGGQGAAVRYVDHADNQGAGQDIRQWLAQYAPGTRILAVVD,45
sampled_seq_198,-1.0032070754864897,MIKKWAVHLLFSALVLLGLSGGAAYSPQHAEGAAKFDAKLAVPCKRFPEACAMIRAAIRQGHADVCTLARAEEKKRRKESLAGIPKKKGFDRHEWPFAWCQEGGRGSTVQYVKSRDNQGFGDWFKNKMASYADGTKILFIVE,47
sampled_seq_199,-1.0518326365619624,MIKKWAVHLLFSALVLLGLSGGAAYSPQHAEGAGLFDASLVYPAATFPESGAMVKEAIAQGFSDVCTLERAAASTRRTQALAGIPSKPGFNRHEWPMADCTEGGQGSAVRYVPSQDSVGAQAWLQSTLSRYSDGTRIRVVVN,53
sampled_seq_200,-0.9369623726661052,MIKKWAVHLLFSALVLLGLSGGAAYSPQHAEGAAPYDATLTYPTSTYPAAGANVKTAIAQGHAAVCTLQRADANTRRHQSEAGIPAKAGYGRFEWPMALCTEGGAGASVAYVPSADRNGAEAWLRNRLAAYADGTKIRFVVG,49
sampled_seq_201,-0.936394717715202,MIKKWAVHLLFSALVLLGLSGGAAYSPQHAEGAMTFDVTLYLPDATYPQAGAHIAKAISEGKAAVCTLDRAGYAARRDQALAGIPAQNGFDRDEWPMDDCVQGGTGSDVRYVDAADNQGAGSWIRSTLAAYADGTRVRFVVV,51
sampled_seq_202,-1.008978817441048,MIKKWAVHLLFSALVLLGLSGGAAYSPQHAEGARDHDDVCELPCSAYPQACEHIRAAIAEGHADVCTLQRSGREQRRQESLQGIPAKPGYDREEWPFAFCAEGGQGSSVKYVLQDDNRGFGRWLANRLSAYPDGTKIRFVCR,46
sampled_seq_203,-1.0857847021260392,MIKKWAVHLLFSALVLLGLSGGAAYSPQHAEGAGDFDATLDLPDSTYPEAGAAIRKAIAEGHAAVCTLERATQSRRRDQALAGIPTKPGLIRMEWPFAFCKEGGKGSKVVYVAHADGSGFAEYLARYLSQFAEGTKIKFVVK,56
sampled_seq_204,-1.032785748123029,MIKKWAVHLLFSALVLLGLSGGAAYSPQHAEGAMTYDATLQYPASQYPESGAMIKKAIQAGKPAICTLDRAGENERRAESLAGIPRQSGYERHEWPHAFCLEGGQGSKVAYVNAADNQGAGQWMETYLSQYADGTKIKVVVG,53
sampled_seq_205,-1.170787706287629,MIKKWAVHLLFSALVLLGLSGGAAYSPQHAEGAVVFDVTYDFPAAEFPESGAHIAEAIKNGHSRICTLNKDSEKRRRIQALRGIPKRDGYDRFEWPFASCEEGGQGSSVRYVFKYDNQGAGHWLRQTLSKYADGTRIRVVVR,52
sampled_seq_206,-0.990355885356938,MIKKWAVHLLFSALVLLGLSGGAAYSPQHAEGAATFDKRLHLPTSKYPESGSMVKAAIAQGHASVCTLKRSAQGSRRSESLAGIPKKSGYGRHEWPMSYCEEGGKGSDVRYVPGSDFDGFRSWLNSTLSGYADGTRILFTVD,47
sampled_seq_207,-1.2662473906070817,MIKKWAVHLLFSALVLLGLSGGAAYSPQHAEGAALFDVTDTFPASQYPQSASHIEAAILEGNAAVCTLNRAKERERANSSLQGIPRRPGYTRDEWPFCDCVEGGVGSAVRYVPATDNNGAGGHYSNHYAAYADGTRVLRVVA,55
sampled_seq_208,-0.9901473719045656,MIKKWAVHLLFSALVLLGLSGGAAYSPQHAEGASGADVRWYFPVDDYPEAGAQIAEAVRQGHAWVCTLDRAGQGRRRDESLGGIPARPGYIRQEWPFSLCQEGGAGSAVAYVPADDGNGAGSWLSRHLSRYADGTRVLTVVE,53
sampled_seq_209,-0.8443863894961295,MIKKWAVHLLFSALVLLGLSGGAAYSPQHAEGAKKYDHTLQVPCDTYPESCAHIAAAIQAGHAAVCTLDRAGEKVRRKQSLAGIPAKPGYDRHEWPFASCREGGAGASVKYVPSTDNQGFGKWLKQTLAAFADGTRILFIVA,45
sampled_seq_210,-1.1364988974474983,MIKKWAVHLLFSALVLLGLSGGAAYSPQHAEGAGEFDAELLFPDAEYPEAGAHVKKAIALGHSAVCTLERSKWRFRSHQALKGIPQRPGYGRFEWPMAQCVEGGKGSEVAYVPWDDLNGFRSWLASRLAVYPDGTRIRFTVQ,51
sampled_seq_211,-1.035534010020965,MIKKWAVHLLFSALVLLGLSGGAAYSPQHAEGAMDYDYTWTVPCSTYPQACAQYKQAIALGHSAVCTLDRAGQTARRDQSLLGIPSKPGYLRDEWPFALCREGGVGSRVEYVGGDDGTGMRGWLANYLSAFADGTKIKVIVG,57
sampled_seq_212,-1.177333866784332,MIKKWAVHLLFSALVLLGLSGGAAYSPQHAEGAHEFDTMILVPCADFPESCAMFKKAIQEGHSAVCTLDREQQKQREAESLQGIPQKSGYDRHEWPVAYCTEGGKGSHVMYVPREDNRGFGKWLDAELSQYADGTKVLLVVE,58
sampled_seq_213,-0.8921755169509747,MIKKWAVHLLFSALVLLGLSGGAAYSPQHAEGASTFDATLQYPSSQYPQAGAQIKEAIAQGHAAVCTLARQGQKSRRKQALAGIPKRPGYQRHEWPFAICEEGGAGANVRYVPASDNMGAGTWLANTLAQYADGTRILFIVD,46
sampled_seq_214,-1.3359138418775085,MIKKWAVHLLFSALVLLGLSGGAAYSPQHAEGAEWADTELSMPCTTFPYSCSEIQTAIAQGYSQVCTINRAGRSTRRNQSLNGIPSRVGYDRHEWPFAHCQEGGAGSRVEYVPIADNAGFGRWINDRLTAFADGTRILFRWT,58
sampled_seq_215,-1.0311312194264264,MIKKWAVHLLFSALVLLGLSGGAAYSPQHAEGAHNFDVRLHFPSATFPQAGAQIAAAIRSGHAAVCTLDRARRGARMKESLAGIPLLPGYTREEWPFAFCREGGRGSDVRYVAEADNRGAGKWLRRHLSAFANGTRILFEIN,54
sampled_seq_216,-0.8940010420773008,MIKKWAVHLLFSALVLLGLSGGAAYSPQHAEGAASYDTVLKFPKKEFPASGAQVKTAIKNGKSAVCTIDRSGAAARRKESLKGIPKKKGYDRHEWPFANCKEGGKGSAVTYVPKADNNGAGSWMNHKLDQYADGTKILFKVK,44
sampled_seq_217,-1.1170752289098338,MIKKWAVHLLFSALVLLGLSGGAAYSPQHAEGASNADATLVLPSKEYPQSGAGVKQAIAEGHSSVCTLDRSGEKERLNQSLSGIPAKDGFGRHEWPWAMCKEGGKGARVEYVRITDHDGFGAWLREHLAAFADGTKIKLIVK,55
sampled_seq_218,-1.0676346525139766,MIKKWAVHLLFSALVLLGLSGGAAYSPQHAEGASEFDATVNFPASQFPESAAQIRAAIADGHAAVCTLARSGANGRRTAALKGIPQKDGYDRHEWPMAWCTEGGEGANVTYVASADNRGAGAWIRNTYSRFEDGTKLLAVVN,49
sampled_seq_219,-0.9709078587523294,MIKKWAVHLLFSALVLLGLSGGAAYSPQHAEGAQEYDAVLYLPIATFPEAGAMVKKAIEEGHAAVCTLERAGEKKRREEALAGIPHKEGYDRHEWPMAHCKEGGIGSAVRYVPHKDNRGMGHWLAEHLKNFDDGTRIKFVVE,48
sampled_seq_220,-1.0711668521986095,MIKKWAVHLLFSALVLLGLSGGAAYSPQHAEGAADFDVVRNYPCSEYPESCQMIQLAIKEGQPEVCTLSRSSAGTRRTQSLAGIPARSGFERFEWPMAICKEGGTGSAVKYVPHADNQGAGRWISNYLSAYADGTKVLFVVK,51
sampled_seq_221,-1.0434799194335938,MIKKWAVHLLFSALVLLGLSGGAAYSPQHAEGAMNYDTTVYFPEETYPESGAHISEAIKEGHSKVCTLAREGRAERQRQSLQGIPTKPGYGRDEWPFAICLEGGEGSSVRYVNIWDNTGAGKWLRAKLSAYPDGTRVLFVTT,45
sampled_seq_222,-1.0962520214395786,MIKKWAVHLLFSALVLLGLSGGAAYSPQHAEGAMAYDAELKLPCDKFPMACQHVKDAIARGYSAVCTLSRREQNLRRQESLKGIDSKPGYDREEWPFADCKQGGKGSAVQYVPSADNSGYGLWLREKLDAYQDGTKIRFIVE,54
sampled_seq_223,-1.0419751788498064,MIKKWAVHLLFSALVLLGLSGGAAYSPQHAEGAGAYDTTLNYPVATYPASGAAIAKAQSQGHAAVCTLSRASATTRRTQALAGIPQRSGYQRFEWPLSICTEGGAGSMVWYVEASDNQGAAAWLSQTLSRYADGTRIRFQVK,56
sampled_seq_224,-1.111284798438396,MIKKWAVHLLFSALVLLGLSGGAAYSPQHAEGAAGYDAKVVFPSSSYPEAGAHIERAISKGRADVCTIDRSGEDQRRKDSLAGIPLKDGFIRHEWPFAGCKEGGTGSGVTYVKSSDGSGFGSWLSSWLSNYKDGTKILFEVA,44
sampled_seq_225,-0.9959021052089306,MIKKWAVHLLFSALVLLGLSGGAAYSPQHAEGAMQYDTELVFPAATFPNSGKTIAKAIQEGHADVCTLARASQGARSKESLLGIPDKEGFDRHEWPFAICKEGGKGSRINYVESADNQGFGKWLKDELSKYADGTRVLFKVG,49
sampled_seq_226,-0.929297140978892,MIKKWAVHLLFSALVLLGLSGGAAYSPQHAEGAATYDAKLKLPAAKYPAAGAMIRKAISEGQSKVCTLARGNQYKRFQQSLAGIPKKSGYIRHEWPFALCQEGGKGAAVRYVPSADGQGFAKWLGRYLSKYKNGTKILFTVQ,51
sampled_seq_227,-0.9831793548863962,MIKKWAVHLLFSALVLLGLSGGAAYSPQHAEGAEGYDVRLYFPDSKYPESGAQICEAISQGHAAVCTLDRAGQTRRRGESLAGIPTRDGYSRDEWPMALCVEGGRGAAVRYVPSDDNHGAGRWLANRLSRFDDGTRILFICN,41
sampled_seq_228,-1.248501978882956,MIKKWAVHLLFSALVLLGLSGGAAYSPQHAEGASEFDVRLFVPCDTYPEACEHLKRSIELGHASVCTIDSAGKQQRRKESLDGIPERTGFVRHEWPFSKCLEGGKGSAVQYVANADGEGLATWIGEHLAGYANGTKVLQVVD,58
sampled_seq_229,-1.1240360365001434,MIKKWAVHLLFSALVLLGLSGGAAYSPQHAEGAMDYDVVLTFPKETYPESGLMIMAAISFGHADVCTLNRASAGVRRQESLAGIPAKSGYTRHEWPFAMCVEGGAGAFVQYVRASDGQGAGRWILNRLAGYADGTRVLGVSG,44
sampled_seq_230,-1.045523267273509,MIKKWAVHLLFSALVLLGLSGGAAYSPQHAEGAGKYDYILYFPKKQYPAAAKHIKEAISRGYSKVCTIDRRGSGLRRKQSLRGISKKYGYDRHEWPFSSCREGGKGSSVKYVPSKDNTGFGKWLKSFLSAYKDGTRILFVVR,51
sampled_seq_231,-1.026864218055655,MIKKWAVHLLFSALVLLGLSGGAAYSPQHAEGAMSYDVKLTYPAAAFPHAGATIKKAIAQGFANVCTLKRAGASTRRQQALAGISSKPGYGRHEWPMAFCEQGGEGSDVRYVPWNDNTGAGKWLTNKLAKYADGTRILFVAG,49
sampled_seq_232,-0.8595698645355505,MIKKWAVHLLFSALVLLGLSGGAAYSPQHAEGAASYDVTLTFPCSSYPASCALVQSAIAQGYSAVCTLNRGGQSSRANQSLRGIPSRPGYQRHEWPFASCVEGGQGSMVQYVPSSDANGAGNWLANTLSAYADGTKVKFTVG,54
sampled_seq_233,-1.073491297730612,MIKKWAVHLLFSALVLLGLSGGAAYSPQHAEGAMSYNYELNLPDKKFPEAGATIKQAIAEGKDDVCTLDRKNSGRRSDQALKGIPKKKGFVRHEWPFDSCMEGGKGSKVTYVPSEDGQGFAKWLGSKLSAYKDGTRILMIVE,56
sampled_seq_234,-1.1476421531187284,MIKKWAVHLLFSALVLLGLSGGAAYSPQHAEGAMKFDVTMAFPTATYPQSGAVIKKAISMGKDAVCTLSRGNAATRRAQSLAGIPDKAGYERHEWPVAVCLEGGQGSTVEYVQASDWQGMANWLSNYLSQYADGTRVLFVVD,56
sampled_seq_235,-1.0677286550539349,MIKKWAVHLLFSALVLLGLSGGAAYSPQHAEGASDYDAVFVDPCDTYPESCALIKQAIAEGYSAVCTLARSGATARRRQALAGIPARSGYGRAEWPAAYCTEGGRGSAVRYVPYRDYNGHSAWLTKALSAYADGTRIKIVMP,57
sampled_seq_236,-1.3289234966313073,MIKKWAVHLLFSALVLLGLSGGAAYSPQHAEGADDYDAKLVFPATVFPAAGAHVSTAINKGHAAVCTLLRASANIRRDESLTGIAAEAGYQRFEWPSSMCLEGGTGSAVTYVPILDGAGFGAWMSNVLWSYADGTRILLVVN,52
sampled_seq_237,-1.0899389424455277,MIKKWAVHLLFSALVLLGLSGGAAYSPQHAEGADDYDVTAELPCESYPESCDMIKKAISEGHSDVCTLERGKASIRNHEALRGIPGKPGFWRHEWPFAICKEGGTGSHVEYVDWQDNNGYGAWLAGTLSQYKDGTKILFTVS,54
sampled_seq_238,-1.0692023880984804,MIKKWAVHLLFSALVLLGLSGGAAYSPQHAEGAMDFDVVEHFPCETYPQSGAHIKEAIALGHASICTLDRANWNARRIEALAGIPKKPGYDRHEWPMAVCMQGGAGASVRYVDKADQQGAGAWLAKHLSRFEDGTRILFIVE,49
sampled_seq_239,-0.9410129512121918,MIKKWAVHLLFSALVLLGLSGGAAYSPQHAEGAAAYDATYYVPCAKFPNSCNHIRIAIAEGHAAICTLERTDQKKRRDESLAGIPAKEGYDRDEWPMACCKEGGKGSAVRYVPSADNQGMGTWLRQRLAAYADGTKIKFVAR,48
sampled_seq_240,-1.055701509528204,MIKKWAVHLLFSALVLLGLSGGAAYSPQHAEGAGDFDDVLQFPCGKFPESCALIRQAIAQGHSAICTLDRAGASKRREQALAGIPDRPGFKRQEWPMSWCKEGGYGSAVQYVPDDDNSGAGSWMSATLSQFNDGTRILFRVE,51
sampled_seq_241,-1.033387980329881,MIKKWAVHLLFSALVLLGLSGGAAYSPQHAEGAMDYDVTLTFPADEFPQSAATIAEAIKKGHAAVCTLDRAGRQTRRNDALAGIPEKDGYMRHEWPFATCQEGGKGSKVEYVDYYDENGAGTWLSNWLSGYGDGTRILFVVS,50
sampled_seq_242,-1.064922507749785,MIKKWAVHLLFSALVLLGLSGGAAYSPQHAEGAMAYDARLRYPEKTFPEAGAHLARAIEQGHAAVCTLARSAQDIRRDASLKGIPRRPGFGRFQWPMSFCEEGGRGAGVQYVDLKDNQGAGRWLSRTLAGYADGTRILMLVG,47
sampled_seq_243,-1.3266472772720757,MIKKWAVHLLFSALVLLGLSGGAAYSPQHAEGAAVYDATLELPTETFPGSGAMVKDAIARGHNKICTLDRAHQQVRADQSLRGIASRPGYHRHEWPMDLCKEGGKGAAVTYVEKADNEGFAAWIRQKMNQYKDGTRILLRVS,58
sampled_seq_244,-0.8808428563109232,MIKKWAVHLLFSALVLLGLSGGAAYSPQHAEGAGEFDVTLKLPCERFPESCRHIKNAISEGFSEVCTLKRSSQGKRAKESLKGIPKKEGYDRDEWPMAMCEEGGKGAKVRYVKSDDNQGMGKWLRNWLSQFRDGTRVLFVVD,46
sampled_seq_245,-1.107715711681121,MIKKWAVHLLFSALVLLGLSGGAAYSPQHAEGAADYDTVLVLPCDTFPQACATIAAAIAEGHAEVCTLNRDSHGARANQSLAGIPDKPGYDRHEWPAASCEEGGSGSRVEYVEWLDMSGFAAWLSYYLSVYGDGTKVKFVVS,56
sampled_seq_246,-0.9768165098417788,MIKKWAVHLLFSALVLLGLSGGAAYSPQHAEGAAEYDVELQLPCDRFPQSCEHIRSAIALGHARVCTLERAKSRERRDESLAGVPDKEGYDRHEWPFALCREGGAGSSVRYVDRADNGGFGAWLRRHLNVYADGTRVLFTVN,49
sampled_seq_247,-1.275207239553469,MIKKWAVHLLFSALVLLGLSGGAAYSPQHAEGAGKFDTVLELPCDMYPETSALIKDAIAKGFAAVCTLDRAGSSKRRAESLAGIPDKAGYIRAEWPFASAEQGGAGAAVEYVPSADGGGAGGYETEYLSSYADGTKVKFVVR,52
sampled_seq_248,-1.064586534412629,MIKKWAVHLLFSALVLLGLSGGAAYSPQHAEGAEGFDVKLDWPVEKYPQSGEMLRRAIAQGFSDVCTLERAQQGARRNESLAGIPAKEGYDRHEWPFASCLEGGKGAEVAYVDSSDNDGAGTWVRNTLSRYEDGTRVLFVNK,50
sampled_seq_249,-1.026283754121273,MIKKWAVHLLFSALVLLGLSGGAAYSPQHAEGAAAWDVELNLPCDKYPESCALISRAISEGHSNVCTLERASQKKRAEESLKGIPRKPGYGRHEWPFAMCVEGGKGSAVQYVPIDDINGFAAWYSRHLDKYEDGTRVKLVVG,53
sampled_seq_250,-1.0593563394808987,MIKKWAVHLLFSALVLLGLSGGAAYSPQHAEGASNADTVLVLPCDEFPQSCAQERAAIAEGHADVCTLARAGASQRRDESLRGIEARDGFTRDEWPMAVCEEGGEGSRVAYVNARDNSGFGRWLGETLANYDDGVRILVVCE,53
sampled_seq_251,-0.9213568311218822,MIKKWAVHLLFSALVLLGLSGGAAYSPQHAEGANAYDATCTFPRGAYPASGAMIAKAIAEGHAAVCTLTRADQLARRREALAGIPSRSGYERHEWPFAYCKEGGKGSAVQYVPRADNQGFGKWLKGTLAGYADGTRILFQVR,52
sampled_seq_252,-1.184440682787414,MIKKWAVHLLFSALVLLGLSGGAAYSPQHAEGAYGYDTTLTQPNDTYPDAGAHDAQAIAEGHADVCTLDRAGTSGRRNQSLLGIPTKEGFDRHEWPHCYCTEGGSGSSVQYVPRDDNQGWGTWLGKTLAGYSDGTKVKITVN,51
sampled_seq_253,-1.006402601889514,MIKKWAVHLLFSALVLLGLSGGAAYSPQHAEGAGSHDADLIFPAAEFPQAGAMVAEAMAAGHAAVCTLDRAGQSKRRRQSLKGIPRRQGYERHEWPFALCEEGGAGSRVEYVPAADNLGSGRWMAETLARYDNGTRIRLVVN,55
sampled_seq_254,-1.0589646505653312,MIKKWAVHLLFSALVLLGLSGGAAYSPQHAEGAGAYDATLQLPGATYPQSAAVVKAAIAQGKSDVCTLKRDGQRERRTLSLRGIGEKPGYDRDEWPFAMCEEGGKGAAVRYVEKSDNAGYGRWLADHLAQYADGTKIKFIVN,48
sampled_seq_255,-0.9805712918622778,MIKKWAVHLLFSALVLLGLSGGAAYSPQHAEGAEQYDATFTAPCKTFPASCAHIKAAIAQGHADVCTLDRAGETKRKTESLAGIPSKSGYGRHEWPFALCREGGKGSGVAYVPDADNSGYGSWLRDTLNQYKDGTKIKIVCR,53
sampled_seq_256,-1.0072953810385608,MIKKWAVHLLFSALVLLGLSGGAAYSPQHAEGASDFDVSLVFPSATYPQAGAHIKAAMAAGKPAVCTLLRASQTTRRNESLLGIPQLPGYIKDEWPFAYCQEGGQGSAVAYVAQADGQGASTWLSSTLSQYADGTKVLFIIE,56
sampled_seq_257,-1.0432550972754802,MIKKWAVHLLFSALVLLGLSGGAAYSPQHAEGAVAYDVEVNFPTGTFPDSGQMVKEAIKDGHAQVCTLQRSGAEKRRTESLAGIPAKAGYQRHEWPFAECVEGGKGAKVMYVPEADNTGAGTWMGKKLSGYDDGTKVKFVVK,49
sampled_seq_258,-1.1374121149745555,MIKKWAVHLLFSALVLLGLSGGAAYSPQHAEGAMAFDAVLAFPAARFPEAGAHIAKAIAQGHASVCTLARAHSRQRKRASLRGIPRRIGYIRQEWPFAQCEEGGTGASVEYVAKADGDGFGRWLKKHLASFSDGTRIKFIVG,51
sampled_seq_259,-1.0389499489320528,MIKKWAVHLLFSALVLLGLSGGAAYSPQHAEGAMAYDVERLLPCAEFPEACAVIEEAVNQGHDDVCTLERLQSSRRRQESLAGIPEKEGFDRHEWPFADCLEGGQGSRVKYVPTADNQGMGQWLSAYLSRYADGTRVKFIVQ,51
sampled_seq_260,-0.9845637050243692,MIKKWAVHLLFSALVLLGLSGGAAYSPQHAEGAGSYDAVLLLPCREFPESCAHIRQAIQEGFSAVCTLERAGAGKRHNESLEGIPRKDGFIRHEWPLARCREGGRGAGVRYVRADDGAGYGSWLARTLAGYADGTRIRFICR,47
sampled_seq_261,-1.222117992716098,MIKKWAVHLLFSALVLLGLSGGAAYSPQHAEGAVDFDVVWDYPVDRYPESGAHIRQAVAEGQARVCTLDRECSSKRDKESLAGIPRKEGYDRDEWPMAKCKEGGKGASVRYVPQKDNRGAGRWFQEKYSEYQDGARILQVVR,47
sampled_seq_262,-1.207833666320241,MIKKWAVHLLFSALVLLGLSGGAAYSPQHAEGAGEYDVFMGTPCSQFPKSCEHIRTAIRNGHSAVCTLDREAEAERRTQSLKGIPTKDGYDRWTWPMAICKEGGKGAAVQYVDKKDNQGFGRWLSTTLSHYADGTRIRFIVK,51
sampled_seq_263,-1.0439460124444524,MIKKWAVHLLFSALVLLGLSGGAAYSPQHAEGALDFDHVLHLPCATYPESCAHIAAAIEQGHAAVCTLYAAGSGARRQQSLAGIPEKRGFVREEWPFAQCAEGGRGAAVRYVDSQDGQGFNRWLRRHLRQYADGTRILFVVP,49
sampled_seq_264,-1.1122671004829057,MIKKWAVHLLFSALVLLGLSGGAAYSPQHAEGAWEYDTKLKLPCSTFPEACATIRRAISQGHAAVCTLDREGARQRRKESLKGVPLKEGYDRHEWPFAYAVEGGRGAQVAYVPKEDNGGFGRWFRNRLSQFKDGTRILFVIG,50
sampled_seq_265,-1.088079540007705,MIKKWAVHLLFSALVLLGLSGGAAYSPQHAEGAGMFDKRCYVPSKQFPESGQMIKIAIMKGHADVCTLDRKGSSKRRQQSLEGIPLKEGFERHEWPFANCLEGGSGADVRYVPADDNQGFGKWLGNHLSKYSDGTRIKYIVE,48
sampled_seq_266,-1.0927780571333858,MIKKWAVHLLFSALVLLGLSGGAAYSPQHAEGACEFDAVLDFPDDEFPESGREIATAIRNGHDAVCTLSRAGASSRRNASLAGIPARVGYDRFEWPMAFCSEGGVGAVVRYVPKADNSGFGRWLRATLSAYADGTRILLRRG,51
sampled_seq_267,-1.0111073485208213,MIKKWAVHLLFSALVLLGLSGGAAYSPQHAEGAMLFDTEILFPAATFPQAGAMIAQAIAEGKSAVCTLERAGQTERRKQSLAGIPSKAGYDRHEWPFAQCTEGGAGSAVRYVDFADNNGFGNWVSGYLSQFSDGTRVRLINA,56
sampled_seq_268,-1.1231225389953052,MIKKWAVHLLFSALVLLGLSGGAAYSPQHAEGATAYDVELNFPCATFPDACAQIKQAIQMGRAAVCTINRAGEHVRSKQSLAGIPDKSGYDRHEWPFALCTEGGTGSHVRYVPSSDNKGAGNWLRKYLSKYADGTRILMICY,50
sampled_seq_269,-1.2207749393008172,MIKKWAVHLLFSALVLLGLSGGAAYSPQHAEGAGEYDNVLNLPISEFPLSGAHIATAISLGYSSICTLDRVGQKQRSTESLRGIPDKNGYQRDEWPFSSCTEGGTGAAVQYVDARDNQGFGKHMRTTLNQFDDGTRILFTVG,54
sampled_seq_270,-0.97790674332085,MIKKWAVHLLFSALVLLGLSGGAAYSPQHAEGAMTYDATVNYPSSQYPESGAMIRSSIASGKASVCTLSRGSRNQRLSQSLSGVPRRSGFDRHEWPFADCTEGGSGSAVQYVPDNDNSGAGNWLRRYLSGYANGTRILFIVN,52
sampled_seq_271,-1.1104623637068165,MIKKWAVHLLFSALVLLGLSGGAAYSPQHAEGALAFDVTLIFPWRTYPDAGDMVKRAIAEGHDWVCTLERGEQKRRRDEALAGIPSRQGYTRHEWPFSICREGGKGSAVRYVASADSQGAASWLQRRLGGFSEGTRVRFVVE,56
sampled_seq_272,-1.1569290861077266,MIKKWAVHLLFSALVLLGLSGGAAYSPQHAEGAGQFDAVVQVPEDQFPQAGSHIKQSIEEGHADVCTLDRAAANERRAASLQGIPDRPGFDRHEWPFAICKEGGSGSSVRYVDKSDNSGFANWLANYMSAHADGTKILYISN,53
sampled_seq_273,-1.1544958692078198,MIKKWAVHLLFSALVLLGLSGGAAYSPQHAEGAMQYDATLAFPAKRFPESAEHVRAAIADGKSSVCTLARDKRQARSQESLAGIPARKGFMRFEIPFAECEEGGKGSSVRYVPATDGAGARSWLRSNLSRYADGTRILFRVE,50
sampled_seq_274,-1.0583677379363174,MIKKWAVHLLFSALVLLGLSGGAAYSPQHAEGAMEFDAVLTYPTSTYPASGAMVKQAIASGKAAVCTLNRSGQAAREAQALSGIPAKSGYHRFEWPFAICVEGGSGSAVKYVPSDDMQGYNKWLGEKLSTFADGTKILFLTG,57
sampled_seq_275,-1.0749006358855362,MIKKWAVHLLFSALVLLGLSGGAAYSPQHAEGAMTFDAQLVLPGASFPASAQHIRTAIAEGHSAVCTLDRARQQRRRAESLLGIPKKRGFDRHEWPFDICNEGGQGSAVVYVPYRDNQGFGNWLRTHLDKYSDGTRILLRVG,56
sampled_seq_276,-1.1048692475765125,MIKKWAVHLLFSALVLLGLSGGAAYSPQHAEGAGAFDAVLVVPCRTFPESCEQWSEAIANGHARVCTLDRASQDKRRDQSLAGIPGRRGFDRHEWPQSECVEGGAGSAVRYVDHDDNQGFGAWLRSHLDAFKDGTRILQVVY,55
sampled_seq_277,-0.9829915597898152,MIKKWAVHLLFSALVLLGLSGGAAYSPQHAEGATAYDATWYFPVLTFPASGAMVAQAVAQGHAAVCTLDRASRDARSRQSLAGIADRPGYDRHEWPFSFCLEGGAGSLVQYVPAADNQGAGTWLNKTFAAYADGTKILLIVP,56
sampled_seq_278,-1.2170449353139334,MIKKWAVHLLFSALVLLGLSGGAAYSPQHAEGAGGYDVTLYWPSRSWPQSGAKVRSAVSEGHADVCTLDRGGQGERRKQSLAGIPRRSGYDRHEWVFAICSEGGKGSSVSYVPSRDNRGAGNWLSRRLSQYKDGTRVKIIGG,51
sampled_seq_279,-0.8719494320930691,MIKKWAVHLLFSALVLLGLSGGAAYSPQHAEGAMAYDAKLTLPCSAFPAACAHIKKAIAEGHASVCTLARAGQGTRRRQSLAGIPAKQGYDRDEWPFADCVQGGAGSSVRYVPSADNNGFGQWMRNTLSGYSDGTKILFSLF,49
sampled_seq_280,-1.0087776534054258,MIKKWAVHLLFSALVLLGLSGGAAYSPQHAEGAMAYDAVLKWPEARYPFSGEQIKAAIAAGHAAVCTLKRASQTRRREEALAGIPKRKGYDRHEWPWASCQEGGKGSKVRYVPTKDNQGAGRWLHATLARYADGTKIRFVVD,50
sampled_seq_281,-0.9035547238971116,MIKKWAVHLLFSALVLLGLSGGAAYSPQHAEGAIVYDSTLYVPCNTYPNSCAHIKEAIAQGFAAVCTLERKGREARRKESLAGIPKKEGYERHEWPMALCKEGGKGASVRYVPKDDNQGFGKWLKDKLAGYKDGTKIKIICE,48
sampled_seq_282,-0.9357879358694094,MIKKWAVHLLFSALVLLGLSGGAAYSPQHAEGAADYDVEYSFPANSYPESGAHISSAMQQGHAAVCTINRSGEATRRAQSLAGIPSRTGYDRDEWPFATCTEGGTGSAVRYVPSADNRGMGTWTSNTLSRYADGTKVKLVVD,44
sampled_seq_283,-0.9258459948618476,MIKKWAVHLLFSALVLLGLSGGAAYSPQHAEGAKTYDATLYYPAAAYPASAAHVAKAIAEGYASVCTIERAQQQQRRDQALAGIPQRQGYDRHEWPFDICLEGGRGSSVQYVPQSDNQGAGAWLSRQLAAYADGTRIKVIVD,51
sampled_seq_284,-1.1527707861104142,MIKKWAVHLLFSALVLLGLSGGAAYSPQHAEGAPIYDVVQYLPCDKYPHACATIAKAQQQGFSSICTLDRASQSNRRRQSLAGIPERNGFMRHEWPMAFCQEGGKGSQVEYVPEQDHNGMSSWLSNRLSEFADGTRILFVCN,55
sampled_seq_285,-1.16537909551498,MIKKWAVHLLFSALVLLGLSGGAAYSPQHAEGAMTYDAVMMFPFREYPQSGDLIRAAIAKGYSDVCTLDRGNRGVRREQSLRGIPTKDGYERHEWPWDICLEGGVGAAVRYVDAKDNQGFGRWLASFLRGFADGTRILLQVR,53
sampled_seq_286,-0.962212588808952,MIKKWAVHLLFSALVLLGLSGGAAYSPQHAEGAMEYDAVLNFPTDTYPESGAHIKMAVSRGFSEVCTLDRASKQRRRTESLAGIPALSGYDRDEWPFSICLEGGAGSSVTYVSSSDNQGAGRWLASKLSAYADGTKILFVVQ,46
sampled_seq_287,-1.007239385482368,MIKKWAVHLLFSALVLLGLSGGAAYSPQHAEGAAGYDAELALPAQQYPDSASHISKAIRLGHAAVCTLERGNQAQRRKESLAGIPDKPGFDRHEWPLAMCREGGKGSAVRYVPWQDNRGFGSWLGNTLSFYKDGTRIKFIVS,40
sampled_seq_288,-1.104107987990073,MIKKWAVHLLFSALVLLGLSGGAAYSPQHAEGAMEFDVELNWPRSRYPYAGEHIKQAIAEGHAAVCTLYRRGHRRRMEEALKGIPERSGYTRHEWPFALCEEGGKGSKVEYVPRSDNAGAGTWLRKRLSGYADGTRILWIVG,46
sampled_seq_289,-0.9573841619929042,MIKKWAVHLLFSALVLLGLSGGAAYSPQHAEGAFDYDAVQDFPWKAYPQAGACIKAAIAQGHAAVCTLDRAGRAQRRNQALAGIPSKPGYGRHEWPFAMCKEGGKGSTVQYVDLADNQGMGKWLEKSWAAFADGTKIKQVVK,54
sampled_seq_290,-1.1000785477664492,MIKKWAVHLLFSALVLLGLSGGAAYSPQHAEGAMAYDMRWNFPKSTYPYAGKLIANAIAEGKSSVCTLKRGAADLRRDQSLQGIPKKSGFDRHEWPFAMCTEGGVGSKVEYVPSSDNEGAGKWLGSKLSGYADGAKILVIVP,47
sampled_seq_291,-0.9288613555628226,MIKKWAVHLLFSALVLLGLSGGAAYSPQHAEGASSYDIIVDLPTNEFPYAGAHIAEAISKGHAAICTLNRSGASQRRTESLSGIPTKAGYDRDEWPMAGCKEGGTGSAVRYVPAADNRGFGKWLGGYLSRYADGTKVLFVVK,46
sampled_seq_292,-0.9576671495350128,MIKKWAVHLLFSALVLLGLSGGAAYSPQHAEGAMDYDARLYFPCQAYPAAGAMIAQAISEGHSAVCTLDRAGSNSRANESLSGIPRRPGYDRHEWPMAICKEGGTGSRVVYVPADDNNGMGTYLSQRLSRYEAGTRILFVVD,51
sampled_seq_293,-1.1492048491031752,MIKKWAVHLLFSALVLLGLSGGAAYSPQHAEGADEFDTVINYPSSTFPFAGQQIRDAISQGFADVCTLDRKAQLQRRRESLAGIPERNGFDRHEWPFAWCLEGGKGAYVQYVPRADNTGAGAWLMEWLSQYRDGTKVLLRVE,53
sampled_seq_294,-0.9326939714064292,MIKKWAVHLLFSALVLLGLSGGAAYSPQHAEGATSYDVELLLPCSAYPEACAHIRTAIAQGYASVCTLDRAGARERRRESLAGIPKKQGYDRHEWPFAECKEGGAGSAVQYVPRDDNSGFGAWLTHTLDGFADGTRVRMTVG,51
sampled_seq_295,-0.985637839781035,MIKKWAVHLLFSALVLLGLSGGAAYSPQHAEGAADYDVTFSFPSDQYPQSGNQIKTAIASGFASVCTLERAASSVRRDQSLAGIPKKAGYMRDEWPYAYCRQGGAGSSVVYVDSADNQGAGSWLSTKLSAYADGTRILFKVS,49
sampled_seq_296,-1.0430645024010894,MIKKWAVHLLFSALVLLGLSGGAAYSPQHAEGAMVYDAVMRFPSQTYPESGAHRKLAIELGHAKVCTLDRAGRVQRLIESLAGIPDKPGYIRDEWPFAECLEGGQGSAVRYVSSADGQGASRWARNHLAGYADGTRILFVDR,45
sampled_seq_297,-1.0780649447659834,MIKKWAVHLLFSALVLLGLSGGAAYSPQHAEGAVVYDVTFQVPADTYPESGAHIAQAIANGYASVCTLNRAGRTIRRNQALQGIPNRIGYRRDEWPASYCTEGGLGSAVRYVDYRDNDGAGTWISNTLSGYLDGTRILFIVR,49
sampled_seq_298,-1.091499818574398,MIKKWAVHLLFSALVLLGLSGGAAYSPQHAEGARLYDSVLTFPASTFPQSAAHIQQAIAEGHASICHLSRADATTRRRQSLAGIPAKAGYDRDEWPYALCTEGGTGSGVAYVNSADNQGAGAWFKSTFSAFADGTRIKSTVA,51
sampled_seq_299,-1.2310319253064077,MIKKWAVHLLFSALVLLGLSGGAAYSPQHAEGAGEYDTKLFFPVATYPAAGAQIKEAIKMGYAEICTLRRGSAKQRRKESLKGIATRPGYDRHEWPFEPCVEGGLGSRVKYVPSVDNQGMGKWLHNFLANYADGTRIRFIVK,48
sampled_seq_300,-1.1567866474116617,MIKKWAVHLLFSALVLLGLSGGAAYSPQHAEGAMTYDKTIETPCETYPEACAHIKAAIAAKHSPICTIERTGRRKRRNEALAGIPKREGYDRHEWPGSYCQEGGKGSSVTYVPDVDNQGFGNWLSETLSQFSDGTKIKLVVS,55
sampled_seq_301,-0.9554609946154672,MIKKWAVHLLFSALVLLGLSGGAAYSPQHAEGAMAYDAVLLFPQNSFPQSGKHIKAAIARGKSAVCTLKRAGQSVRRDQSLSGIPSKSGYVRDEWPMAACLEGGSGADVQYVESSDNQGAGRWLRNNLSGYADGTRIKLVVG,47
sampled_seq_302,-1.1870126986722334,MIKKWAVHLLFSALVLLGLSGGAAYSPQHAEGASDHDVECEFPDTEYPESAAHIRDAIAAGHAAVCTLERVGAGQRADESLRGIPAKKGFQRAEWPHNSCVEGGRGSAVRYVPFADNQGAATWWRRTLAKYPDGTRVLMVAG,51
sampled_seq_303,-1.0582877342854071,MIKKWAVHLLFSALVLLGLSGGAAYSPQHAEGAEPYDRILVFPDDRYPESGALVQRAIAEGKAAVCTLDRASAQARADEALAGIPTKPGYDRHEWPAAECREGGAGSAVEYVPWRDNHGYGGWLRNQLSTYADGTKILVRVL,50
sampled_seq_304,-1.0997024676121705,MIKKWAVHLLFSALVLLGLSGGAAYSPQHAEGAHVYDANVIVPAATYPEAGAQVRQAIAEGHAAVCTIDRAGAASRRDEALAGIPAKPGYNRQEWPFASCKEGGKGAKVTYVPTADNSGMGNWLGVSLNGYADGTKIKIVNN,47
sampled_seq_305,-1.0152419204011969,MIKKWAVHLLFSALVLLGLSGGAAYSPQHAEGAMNYDAKMQFPAARFPEAGATIAAAIAAGHADVCTLDRASQKVRRDQALKGIPDRPGFDRHEWPHERCVEGGAGARVTYVASDDHQGFDAWLRLRLGGYADGTKILVVVK,48
sampled_seq_306,-1.2558557352888475,MIKKWAVHLLFSALVLLGLSGGAAYSPQHAEGAMAYDATLITPANAYPNSGKLISDAIANGWASVWTLDRKSAGTRRNQSLEGIPTKSGFQRHEWPFACCKEGGLGSKVQYVPSADHSGFGGWIASYASQYEDGTKILIIVP,53
sampled_seq_307,-0.9753722444586798,MIKKWAVHLLFSALVLLGLSGGAAYSPQHAEGATSYDASFEFPAAEFPEAGAVIRQAIAEGHSSVCTLSRAGRQVRAKEALAGIPKKPGYDRHEWPMALCEEGGKGARVAYVGSTDNRGMGGWLATTLSAYADGTKILWKIS,48
sampled_seq_308,-1.0964865028311352,MIKKWAVHLLFSALVLLGLSGGAAYSPQHAEGAGSYDATLWYPWATFPNSAAHIRRAISEGFSRVCTISRADENRRRRESRAGIPGKPGYIRQEWPFAICKEGGAGAAVSYVPDADGQGASRWLAGWTSRFADGTRILFRVD,56
sampled_seq_309,-1.056653084011253,MIKKWAVHLLFSALVLLGLSGGAAYSPQHAEGASMYDAVLNFPKEKYPEAGQHIRTAIREGHADVCTLKRDGADSRKRQSLAGIPARTGFDRHEWPFSYCEEGGKGSAVRYVDKRDNMGSGRWLSRKLNKYSDGTKILFVVD,44
sampled_seq_310,-1.385199030604931,MIKKWAVHLLFSALVLLGLSGGAAYSPQHAEGAKSYDVVVEYPCSQFPEACEMIRDAISQGKSSVCQLERASSADRQTHSLQGIPSKSGYDRHHWPEAKCVEGGFGSQVRYVKTTDNQGFGNWIASDLAQYADGTKVLYKIS,57
sampled_seq_311,-1.041461139643958,MIKKWAVHLLFSALVLLGLSGGAAYSPQHAEGANLYDVELYLPVAAYPQAGQHIRAAINQGHAAVCTLNRAGQSRRKHESLQGIPKRRGYERFEWPASFCQEGGAGSRVTYVAAADNQGMGRWLASTLSRYADGTKVLFKVN,55
sampled_seq_312,-1.0255031760679472,MIKKWAVHLLFSALVLLGLSGGAAYSPQHAEGASDFDLEYHFPAAAYPAAGAQIKQAIAEGHAAVCTLDRAGEGNRLNQSLAGIPRRPGYDRHEWPFAYCSEGGQGAAVEYVPFDDNGGAGKWIQTTLSRFQDGTRVLFRVD,53
sampled_seq_313,-1.0388020506692588,MIKKWAVHLLFSALVLLGLSGGAAYSPQHAEGAADYDASIKFPAATYPQAAAHIARAIAQGYSSVCTLQRSGEGSRRMQSLAGIPAQNGYERHEWPFSICEEGGAGSSVRYVQSSDNRGFGRWLSGNLAGYSDGTRILIVVG,47
sampled_seq_314,-0.9748606550584146,MIKKWAVHLLFSALVLLGLSGGAAYSPQHAEGASDYDAVLYVPAAKYPEAAAQIRAAIAEGHSQVCTLDRAGQRARRRQSLAGIPNKPGYMRHEWPFAICREGGAGSSVEYVPSDDASGFSSWAQNRLSKYADGTKIKFITV,48
sampled_seq_315,-1.1589845429866683,MIKKWAVHLLFSALVLLGLSGGAAYSPQHAEGANEYDVQLELPAAAFPQAGALIARAIADGHPAVCTLERAQRGRRHDEALAGVPARPGYGREEWPFALCLEGGRGSMVEYVEESDNNGAGAYLRTYLAQFQDGTKVLITVD,59
sampled_seq_316,-1.1937307655264475,MIKKWAVHLLFSALVLLGLSGGAAYSPQHAEGAPSYDAVLSYPVDTYPASGAMIKQAIANGQSAICTIDRDSSSKRRDQALDGIPTKPGYGRAEWPMFACTQGGSGSTVQYVPFDDLSGAGRWIARVLSGYSDGTRIKFVVS,54
sampled_seq_317,-1.1048622481319883,MIKKWAVHLLFSALVLLGLSGGAAYSPQHAEGADDFDATLLFPCSEFPEACAQIRDAIERGHARTCTLDRERALERRRQALRGIPEREGFQRHEWAFALCREGGCGSAVAYVRSTDNAGAGTWLARTLNRYADGTRILFVCG,52
sampled_seq_318,-0.8811806495036554,MIKKWAVHLLFSALVLLGLSGGAAYSPQHAEGAGEYDAELTFPESTYPHAAAHIAKAISEGHAAVCTLDRAGSGERRRQSLAGIPSRPGYRRDEWPFAMCREGGAGAAVEYVPRSDNDGAGAWARQYLAKYADGTKIKFIVG,46
sampled_seq_319,-1.0759243046471831,MIKKWAVHLLFSALVLLGLSGGAAYSPQHAEGAMTYDARLIFPFNTYPNAGATIKAAIAKGHAAVCTIDRAGRAQRRKESLAGIPTKTGYDREEWPMAICKEGGKGATVQYVPGADNNGMGRYVLETMSKYKNGTKILFTVD,48
sampled_seq_320,-1.0177165740126863,MIKKWAVHLLFSALVLLGLSGGAAYSPQHAEGAGVYDTVLTLPCDTYPEACAHIAVAISEGHSAVCTLDRAEAGRRRDEALHGIPTRPGYDRAEWPMAGCVEGGRGSSVTYVRTADNQGYGAYLRTHLSQHSDGTRILFVVR,50
sampled_seq_321,-0.9698232248288776,MIKKWAVHLLFSALVLLGLSGGAAYSPQHAEGAMDFDAELFFPSEEFPESGAHIKQAIANGHAAVCTLERTGSSRRRREALAGIPEKDGFGRHEWPFAACKEGGEGSAVSYVNQNDNRGAGNWLSGYLDNFADGTKIKFIVD,49
sampled_seq_322,-0.9336142583724556,MIKKWAVHLLFSALVLLGLSGGAAYSPQHAEGAADFDAELVLPKKKYPASGAMIEQAIKDGYADVCTLERAGADERRKRSLKGIPAKSGYDRHEWPMAICKEGGTGSRVQYVPQADNNGMGRWLSQKLAAYADGTKIKMIVR,47
sampled_seq_323,-1.2011364578107082,MIKKWAVHLLFSALVLLGLSGGAAYSPQHAEGASDFDIELFFPYQQYPESAEQIKSAIQKGYSDICSLKRASRSERREQALKGIPARKGYMRHEWPSAICEEGGVGSDVKYVPQSDNSGAGTWLRAKLSSYQDGTRVLFKVQ,56
sampled_seq_324,-1.0894547908677967,MIKKWAVHLLFSALVLLGLSGGAAYSPQHAEGAHAYDKTWQFPKTTYPKAGATIARAIAEGHAAVCTLSRAGAEARRKQALAGIPQKAGYGRHEWPFAACWEGGTGSYVAYVPGDDLNGMRTWIANRTAGYADGTKIKYIVA,54
sampled_seq_325,-1.036935228820241,MIKKWAVHLLFSALVLLGLSGGAAYSPQHAEGAGSFDATLTYPGNTFPESAATIKQAIENGHSSVCTLARGDQSTRRDQSLQGIPKQTGYDRHEWPFALCEEGGNGSYVAYVQTSDNSGFGAWLNGWLNAYDDGTKILFVVQ,54
sampled_seq_326,-1.1370267255590596,MIKKWAVHLLFSALVLLGLSGGAAYSPQHAEGAMSFDTVLFVPCKQYPEACAMIKSSIAAGAADVCTLDRSGQSERRRQALKGIPSRDGFERHEWPFAMCKEGGAGATVEYVGFEDNRGMGRWLQTTLASFRDGTRVLFVVY,51
sampled_seq_327,-1.1378047838123566,MIKKWAVHLLFSALVLLGLSGGAAYSPQHAEGAMDYDAKLLYPVEEFPASGALIKRAIEKGFPNVCTLKRADARVRRDQSLKGIPSRPGYQRGEWPFAICLEGGKGAQVEYVPFEDNNGSGGWLSGYLSGYPDGTRIKYIAD,54
sampled_seq_328,-1.1623358770247991,MIKKWAVHLLFSALVLLGLSGGAAYSPQHAEGAVEFDNVEFFPQERFPESGAMLRDAMTRGHAAVCTLTREGADLRRQESLQGIPEKPGYIRHEWPFALCAEGGQGSLVVYVPSADGEGAGAWVRDRFSQYNDGTRILFVID,47
sampled_seq_329,-1.0093438384729787,MIKKWAVHLLFSALVLLGLSGGAAYSPQHAEGASDFDHKLKYPVKEYPEAGAVIKQAISEGFSDVCTIERKEAGKKRKESLKGIPTRPGYDRHEWPFASCVEGGKGSRVEYVRAVDNRGAGLWLKNKLSGYGNGTKIKFTVE,46
sampled_seq_330,-1.171960183239858,MIKKWAVHLLFSALVLLGLSGGAAYSPQHAEGAIDFDTEVHLPHQRFPQAAAHHAKAIRQGFAAVCTLDRASAERRADQSLAGIPSKPGFDRHEHPFAACKEGGKGSSVAYVPAADHHGFATWIRGHLARFADGTRVRFIAE,58
sampled_seq_331,-1.1420310484159977,MIKKWAVHLLFSALVLLGLSGGAAYSPQHAEGASDFDTELYYPSTTYPAAGTNIQTAIQSGYSAVCTLQRSAEGQRADEALQGIPSKSGYDRHEWPFAMCVEGGTGSEIKYVPTLDNQGAGKWAGRTLSNFADGTKVKFIVQ,55
sampled_seq_332,-1.0038756624274296,MIKKWAVHLLFSALVLLGLSGGAAYSPQHAEGAMDYDTRIYLPCSTFPDSCRHVRSAIAEGYSAVCTLDRKSAATRRNQSLAGIPSKPGYDREEWPFAWCKEGGKGSSVRYVYSSDNQGYGNWMRSTLAAYADGTRILIVID,50
sampled_seq_333,-1.07761054082748,MIKKWAVHLLFSALVLLGLSGGAAYSPQHAEGADAYDAEWHIPCEQYPEACAMIDEAIAQGHAAVCTLDRAGEGERLRDALAGIPAREGYGRHEWPFAYCLEGGRGASVRYVGVEDNNGLGAYLADSLAGYADGTRIKHVIE,56
sampled_seq_334,-1.0604549722933987,MIKKWAVHLLFSALVLLGLSGGAAYSPQHAEGALDFHAKLQFPVDTYPESGALVKSAIAAGYAKVCTIDRAGSGARRDASLAGIPRKVGYDRHEWPHAICLEGGTGSAVAYVAAADNQGFGKWFNNQMNAYADGTKILEIIE,52
sampled_seq_335,-0.9813913467827192,MIKKWAVHLLFSALVLLGLSGGAAYSPQHAEGAASYDVTLHVPSTQYPQYGTHVAAAIAQGHAAVCTLSRRNRGKRRNQSLAGIPDRPGYDRHEWPFSWCEEGGRGASVTYVNSSDNQGAGSWMSGYLSGYADGTRVLFVVD,45
sampled_seq_336,-1.0919068362734734,MIKKWAVHLLFSALVLLGLSGGAAYSPQHAEGAMWYDAKLHFPVKKYPKAGALIKASIKRGFSSVCTLQRAEAAERRRQALAGIPKREGFDREEWPAALCKEGGKGSEVRYVPYADNRGAGMWIANRLASYDDGTRILFIVE,47
sampled_seq_337,-0.9363491513313504,MIKKWAVHLLFSALVLLGLSGGAAYSPQHAEGASVFDATLTFPESEFPEAGAHIRLAIAEGHAAVCTLERAGAKARRKQSLAGIPARPGFERHEWPFADCLEGGQGSAIVYVNKDDNRGASRWLSQVLSAYADGTRILFVVD,46
sampled_seq_338,-0.8927398121685063,MIKKWAVHLLFSALVLLGLSGGAAYSPQHAEGAMEYDATLDLPCKTYPEACAHIKRAIALGHADVCTLDRAGEAARRKESLAGIPKKKGYERHEWPGASCKEGGKGSAVQYVEKADNRGFGSWLGKTLSQYKDGTKIYLRVG,49
sampled_seq_339,-1.0902377487322603,MIKKWAVHLLFSALVLLGLSGGAAYSPQHAEGAMDFDAQLVFPSDEYPESGAMVKKAVAQGFADVCTLERNSASKRANESLAGIPGLPGYGRFQWPAANCKEGGSGSAVEYVDGADNNGAGEWFKNTLGGYADGTRIKFVVE,50
sampled_seq_340,-1.1694263843221402,MIKKWAVHLLFSALVLLGLSGGAAYSPQHAEGANAEDVKIKFPSKEFPNSSKMIADAIARGHAKVCTIDRASATTRRQQALKGIPKKPGYTREEWPLSFCKEGGKGSAVRYVPSWDNQGAGHWLSRRLSSFKNGTRVKFIAK,53
sampled_seq_341,-1.1785976864876004,MIKKWAVHLLFSALVLLGLSGGAAYSPQHAEGADTHDVTLDFPASSFPQAGQNIRTAVSEGRSDVCTLERSKRKIRLDQSRAGIPAKSGYQRHEWPMSFCKEGGTGSQVRYVNSSDSSGFGSWVRSYLAKYKDGTRVLFKIS,54
sampled_seq_342,-0.9676373682984518,MIKKWAVHLLFSALVLLGLSGGAAYSPQHAEGAADYDTILTFPSAEFPGSAAHIKQAIAQGFAEICTLNRAGAAIRRQQSLAGIPARDGYNRDEWPFALCAEGGQGSAVKYVDAADNNGAGTWLANYLKQYDDGTKILFVVD,51
sampled_seq_343,-1.0684959341626648,MIKKWAVHLLFSALVLLGLSGGAAYSPQHAEGAMDYDARVYTPCKAYPQTCAHIRAAMAMGHAAVCTLQRAQESRRRKESLKGIPTKNGYDRHEWPFAWCVEGGKGALVQYVDAADNTGAGAWIRSWLSAYANGTRILFIAR,47
sampled_seq_344,-1.1877405009138475,MIKKWAVHLLFSALVLLGLSGGAAYSPQHAEGAMRYTATWNYPAGSFPESAAQINRAVANGNAAVCTLARAERKKRLTQSLFGIPAKTGYNRHEWPMAACVEGGAGASVQYVGKTDNQGFGTWLRNTLAAYADGTRILTVVA,53
sampled_seq_345,-1.1966573732708572,MIKKWAVHLLFSALVLLGLSGGAAYSPQHAEGACKYDSVLYFPSSAYPASGKHVKNAISLGFSKICTLDRYSQSYRKQQSLRGIPARDGYIRHHWPHSLCVEGGWGSSVRYVPSDDGNGARQWLANHLSKYSDGTRIKFVTA,56
sampled_seq_346,-1.0474902511736668,MIKKWAVHLLFSALVLLGLSGGAAYSPQHAEGAGMHDLTLNFPVATFPEAGAMIRTAIANGYAEVCTLDRQQSSKRSDQSLAGIPKRQGYERHEWPFNICLEGGQGSEVRYVPAADNQGAGAWLREELAQFNDGTRIRFIVG,56
sampled_seq_347,-1.0271494454200114,MIKKWAVHLLFSALVLLGLSGGAAYSPQHAEGAADYDVTLELPGEDYPEAAAMIKKAISQGFAAVCTLDRAGADRRADLSLAGIPARGGYQREEWPFAMCVEGGQGSAVQYVPFSDNLGFGNWMNRTLAGYADGTRVRFVVS,50
sampled_seq_348,-1.041400734437715,MIKKWAVHLLFSALVLLGLSGGAAYSPQHAEGAIAYDHIEIYPARKFPESGALIKAAIAAGKSAICTIQRETAAARRDESLKGIPDREGFTRHEWPFASCREGGKGSAVRYVPSEDNNGAGAWLSRRLSRYADGTRIRQVTS,49
sampled_seq_349,-1.0292664274163204,MIKKWAVHLLFSALVLLGLSGGAAYSPQHAEGAMSYDVELKFPAKTFPQSAAHIAKAIKNGHSAVCTLNRSGQRTRKDQSLKGIPHKDGYDRDEWPFASCVQGGQGSDVRYVDHKDNRGAGTYASDELAQYADGTRVLFNVE,48
sampled_seq_350,-1.0237626241981437,MIKKWAVHLLFSALVLLGLSGGAAYSPQHAEGAMPFDATLNFPAEQFPESGAVIRKAIANGKAAICTLAKGEQSVRRKESLAGIPKREGYVRHEWPFAMCAEGGKGSYVEYVPSEDGRGFGNWLTNKLAAYADGTRIKQVVG,53
sampled_seq_351,-1.0569670790926031,MIKKWAVHLLFSALVLLGLSGGAAYSPQHAEGACAYDVKWLYPAEAFPAAGAHIKAAIAEGKPAVCTLDRASQRLRRDQALRGIPAREGYDRDEWPFALCTEGGTGSFVRYVPRADNQGMGQYMRTTLAEFADGTKVLVEVQ,57
sampled_seq_352,-1.0046078043246487,MIKKWAVHLLFSALVLLGLSGGAAYSPQHAEGASDYDAVVYYPASAYPESGREIARAISEGHAAVCTLERARREERRRQSLAGIPSRPGYIRHEWPMSSCVEGGTGSAVAYVRAADGQGALAWISSYLSTYADGTRLLYVVW,52
sampled_seq_353,-0.86538262323502,MIKKWAVHLLFSALVLLGLSGGAAYSPQHAEGAMAYDVTLTYPASQYPQAGAMVAQAISEGQAAVCTLDRAGEAARRTQALQGIPERPGFDRDEWPASICREGGSGSAVRYVARSDNQGAGRWLRNHLSAYTDGTRVLIVVD,50
sampled_seq_354,-0.980183312652308,MIKKWAVHLLFSALVLLGLSGGAAYSPQHAEGADTYDHVANYPTSQYPQSGAHVKQAISEGHSAVCTLDRSGQDQRRTQSLRGISKKSGYDRDEWPMASCIEGGSGSSVRYVDYQDNQGAGQWARQYFAKYADGTKIKFIVS,47
sampled_seq_355,-1.2587445460328268,MIKKWAVHLLFSALVLLGLSGGAAYSPQHAEGAVDYDVRVDFPGKRFPEAASLVSRAIRQGHSAVCTLQREMSHVRQREALKGIFEKPGFVRHEWPMAHCKEGGKGSAIEYVRASDGEGYGKWLASTLSAYNDGTRVLFQVN,55
sampled_seq_356,-0.9532189325455132,MIKKWAVHLLFSALVLLGLSGGAAYSPQHAEGAMPYDAVLLLPESQYPSAGAHIRAAIGNGHAAVCTLDRSGQGTRRGESLAGIPARPGYMRAEWPMSQCKEGGKGSSVQYVPSDDNAGYGKWLNNTLSGYADGTRILFIVK,41
sampled_seq_357,-1.028545274647004,MIKKWAVHLLFSALVLLGLSGGAAYSPQHAEGAMAYDVTVHIPSATFPASAANIKAAVAEGHAAVCTLERSQQVVRREQSLKGIPAKPGYDRHEWPTAWCVEGGKGSRVVYVPSADNKGLGAWLDRNLRQYADGTKVLFVVG,52
sampled_seq_358,-0.9761794903956422,MIKKWAVHLLFSALVLLGLSGGAAYSPQHAEGAGSYDVELTYPAATFPQSAAMVAAAIANGHASICTLRRADARTRRDLSLAGIPSRPGYHRLEWPFAACEEGGAGSAVAYVDNADHSGAGRWLKRTLSGYADGTKVRFIVN,55
sampled_seq_359,-1.0108620879846977,MIKKWAVHLLFSALVLLGLSGGAAYSPQHAEGAMEFDVTLTIPCDTFPYSCSTIKTAIAEGFAAVCTLDRAGQGARRRASLKGIPSKEGYDRHEWPFANCLEGGKGSKVVYVPSDDNHGFGQWVNDELKKYADGTKILYTVS,54
sampled_seq_360,-1.0159782619651303,MIKKWAVHLLFSALVLLGLSGGAAYSPQHAEGAAAYDHTLALPCSTFPQYCSHVAAAIKKGFAAVCTLDRAGRLARLKESLLGIPKKEGYDRHEWPFALCKEGGKGSAVEYVDKADNNGAGRWLLNRLSSYEDGTKILFSVW,50
sampled_seq_361,-1.0526962280273438,MIKKWAVHLLFSALVLLGLSGGAAYSPQHAEGACVFDTTLIFPAATFPEAAAHIANAISEGFAAVCTLSRAGANARFTQSLAGIPVRPGYGREEWPMARCVEGGTGSAVAYVPNADQAGYGEWLNGYLSAFADGTKVLIVVD,56
sampled_seq_362,-1.3204783868352208,MIKKWAVHLLFSALVLLGLSGGAAYSPQHAEGATVWDAKWYFECARFPESCAHVAWAIAHGHAEVCTLDRASQAERREESLKGIPNREGYERHEWPWAICKEGGAGAMVVYVIASDNRGAGRWVDRQRAQFADGTRIKSITD,51
sampled_seq_363,-1.0706094864311568,MIKKWAVHLLFSALVLLGLSGGAAYSPQHAEGAGAADVTLNYPCDTYPEACSMIRTAMAQGHSAICTLQRSQYQSRRNQSLAGIPARSGYTREEWPHAQCLEGGTGSAVAYVGWADNSGAGQWMQNTLSKYSDGTRVLFVVR,58
sampled_seq_364,-0.9550796648777952,MIKKWAVHLLFSALVLLGLSGGAAYSPQHAEGAASYDATWKFPEATYPEAGAMIKTAISQGHAAICTIDRAGQDARRIESLAGIPAKPGFERHEWPFAFCIEGGQGSYVAYVDADDNNGAGKWLRTRLASFADGTKIKVTVS,48
sampled_seq_365,-1.3640915056981078,MIKKWAVHLLFSALVLLGLSGGAAYSPQHAEGAGTYDCSLWYPSDKYPEAGAVIARAIAEGYSEVDTLDREAADRRRDEALRGIRNKEGYHRFEWPWALSKEGGKGSAVEYVYQSDGTGAGAYMRRTLDGYADGTKILFVTG,55
sampled_seq_366,-1.1078810385607798,MIKKWAVHLLFSALVLLGLSGGAAYSPQHAEGAMDYDVELHYPADQFPQSGAVIAQAIREGHADICTLQRADDHKRRRESLAGIPEREGFDREEWPFAICLEGGQGARVEWVDENDNRGAGAWQRANLSAYEDGTRVKFVLP,52
sampled_seq_367,-1.1912631813539278,MIKKWAVHLLFSALVLLGLSGGAAYSPQHAEGAMEYDVRLYTPMLQYPQYGNHLREAIQEGYSSICTLNRSGEQTRRRQSLLGIPNKEGYDRHEWPMADCIEGGEGSRVRYIGRSDNQGAGTWMSNELSRFKDGTKIKFIVN,52
sampled_seq_368,-1.2145616723856796,MIKKWAVHLLFSALVLLGLSGGAAYSPQHAEGAADYDFTLFNPTKNYPQSGAMIKSAISLGHAAVCTLNRAAENTRKEASLKGIPDKPGFVREEWPFDICLEGGKGSWVQYVKADDSRGMGAWLRERLSAFKNGTRIKFVID,53
sampled_seq_369,-1.0383133494525874,MIKKWAVHLLFSALVLLGLSGGAAYSPQHAEGAGAYDAKLSMPIETFPEAGAVIRRAIAEGHASICTLARSGAGARRKASLKGIPNAPGFDRHEWPMAACIEGGAGATVEYVPALDNQGFGQWLRERLSRYSDGTRILFTVD,46
sampled_seq_370,-1.007479746407325,MIKKWAVHLLFSALVLLGLSGGAAYSPQHAEGASDYDTTLYLPCATFPQTCAHIKKAIQEGFDSVETLERASATLRRQQALAGIPAKQGFERHEWPFAYSKEGGTGASVSYVDQDDNRGYGRWLATTLSGYADGTKIKFVVQ,50
sampled_seq_371,-1.08299766330544,MIKKWAVHLLFSALVLLGLSGGAAYSPQHAEGAHMFDTTLTLPTSTFPWMGKHIQDAIASGHNAVCTLNRAGADTRRKESLAGIPGKPGYTRDEWPMSLCTEGGTGSRVRYVPSADNEGAGTWVKNHLSAFDDGTRVLFVVK,46
sampled_seq_372,-1.1475317018841384,MIKKWAVHLLFSALVLLGLSGGAAYSPQHAEGATGFDAVWNYPSSSYPMAGSSVAQAISEGFSKVCTLDRASRGARRTQSLSGIPSKSGYDRHEWPSAMCTEGGTGSAVTYVPVTDNSGAGTWLVNTTAAYTDGTKILFKVG,55
sampled_seq_373,-1.081732233729931,MIKKWAVHLLFSALVLLGLSGGAAYSPQHAEGAKDYDAILRLPCKTFPESCAHIRKAIKQGHAAVCTLDRAAADARRRESLKGIPARPGFDRHHWPGAVCREGGKGAGVAYVPTGDNQGMGALLGRTLATYKDGTRIRIECG,49
sampled_seq_374,-1.0224526081610164,MIKKWAVHLLFSALVLLGLSGGAAYSPQHAEGAMSYDATVNYPMETYPQSGAHIKSAIANGHAAVCTLDRANASKRRKEALKGVPAKPGFIRHEWPFAHCKEGGVGSSVTYVDWKDGAGANSWLAARLSAYADGTRLKFIVS,47
sampled_seq_375,-1.1459114004712585,MIKKWAVHLLFSALVLLGLSGGAAYSPQHAEGAADYDTRIAFPGARFPASAAHISKAIAEGHADVCTLNRAGADFRKDQALRGIKAKHGYGRQEWPFAACTEGGKGAAVTYVPLHDNSGAGHWLAKQLSGYKDGTKVLFTVA,49
sampled_seq_376,-1.076754928728856,MIKKWAVHLLFSALVLLGLSGGAAYSPQHAEGAMAYDTTLQLPGAQYPESAAHIAQAIAQGKAAVCTLDRAGQGARADAALAGISHRVGFGREEWPFSQCFEGGQGSAVQYVPWEDNNGMGAWLGRTLSSYADGTRVLFQVH,56
sampled_seq_377,-0.9346727843678324,MIKKWAVHLLFSALVLLGLSGGAAYSPQHAEGAEKYDVTVNLPVAKYPDSGAMIKAAIEEGQAAVCTLGRAGQQQRRKEALAGIPTKEGYQRHEWPFAVCKEGGKGSAVRYVPSADNTGMGTWLKKTLAKFADGTKVLFVID,54
sampled_seq_378,-1.0245353628736025,MIKKWAVHLLFSALVLLGLSGGAAYSPQHAEGANSYDAVLIFPAATFPESAACIKKAIGEGHAAVCTLERDNAGMRRQESLAGIPERPGYVRHEWPFAICAEGGAGSHVEYVPAADAEGAAAWFGRELSKYDNGTRILFVVR,49
sampled_seq_379,-1.117651633166392,MIKKWAVHLLFSALVLLGLSGGAAYSPQHAEGASMYDVKLYLPSLQFPQSGALIRQAMEEGHAAVCTLSRAEANRRRNESQKGIPKRRGYDRHEWPASWCVEGGRGSKVQYVPKADNQGFASWKGRYLNQYADGTRILIVVE,52
sampled_seq_380,-1.1549169557903884,MIKKWAVHLLFSALVLLGLSGGAAYSPQHAEGAGHHHVVFLAPESKFPQSAAMIRRAIAKGHASTCTLDRAGQSERRTQALAGIPKRDGFTRHEWPFAMCREGGTGSSVAYVDRADQEGFGAWLARTLSKYADGTKVQVVVF,60
sampled_seq_381,-1.1504143531169366,MIKKWAVHLLFSALVLLGLSGGAAYSPQHAEGAPDYDAMLRLPCKTYPQACAHIQQAISEGHAAVCTLFRWGQAARRNSSLKGIPTREGYSRAEWPFALCTEGGEGAAVKYVNKDDNQGFGAWLAKQLAKYDDGTRILFVNP,52
sampled_seq_382,-1.0161848155730362,MIKKWAVHLLFSALVLLGLSGGAAYSPQHAEGASNADVIWHFPCSEFPESCAHIAQAIDQGHAAVCTLERAKAGTRRKQSLAGIPQRDGFDRHEWPFAICSEGGIGSSVTYVPQNDNRGAGRWLMGELSLYSDGTRILQVVG,49
sampled_seq_383,-1.1196979207730076,MIKKWAVHLLFSALVLLGLSGGAAYSPQHAEGAGAYDQTCTFPSDTFPEYGAQVAAAIANGHSAVCTLRRADAAVKRDESLQGIAQRPGFDRDEWPMAYCLEGGTGSAVQYVEYTDNRGAGAWLAAWLAGYADGTKILWIVD,49
sampled_seq_384,-1.302071947570241,MIKKWAVHLLFSALVLLGLSGGAAYSPQHAEGASNFDASLAFPIDEHPQAGATLKKAESEGHAQVCTLDQAGRTLRRKQSLAGIAKKKGFGRHHWPFALCKEGGKGSRVEYVPADDQQAAGKWLAKTLDRFNNGTKILFTTG,62
sampled_seq_385,-1.0439088453940295,MIKKWAVHLLFSALVLLGLSGGAAYSPQHAEGAFEFDARVHLPDQQYPAAGAHIKAAIAAGHPAVCTLDRDQSRERRRQALEGIPTKPGFERHEWPFAFCKEGGTGSDVQYVPADDNQGWGRWLANSLASYADGTKILFEAA,53
sampled_seq_386,-1.0822086159242403,MIKKWAVHLLFSALVLLGLSGGAAYSPQHAEGAVAYDAELLFPCDTFPHSCRLLAVAIAEGHASVCTLDRAGRTRRRQQSLAGIPRRDGYDRHEWPMAMCKEGGDGAAVEYVPKKDNRGFGKWLGERLGEYADGTKIKVINR,51
sampled_seq_387,-1.1882189829415135,MIKKWAVHLLFSALVLLGLSGGAAYSPQHAEGAKDYDCEIFFPRNTFPHSGGLIKKAIADGHSSVCTLRRSGARKRREEALLGIPKRSGFDRHEWPHSNCYEGGAGARVEYVPAADNRGAGQWLKNTLSVFAEGTRIKFVVG,51
sampled_seq_388,-1.1985353242366683,MIKKWAVHLLFSALVLLGLSGGAAYSPQHAEGAMSYSATMNLPVSAFPESGAMVAQAINEGHANVCTLDRANRHVRLMQALAGIPARNGYVRFEWPFDSCVEGGTGSKVKYVPAQDGDGWDAWLRNQLAAYSDGTRIKFVVT,62
sampled_seq_389,-0.9393799808047232,MIKKWAVHLLFSALVLLGLSGGAAYSPQHAEGAAKFDVELLFPSATFPQSGAHVKAAIAAGHSDVCTLERAGATARRQQSLAGIPKKPGYDRDEWAMAMCKEGGQGSAVRYVFRADNQGAGNWMGKTLAQYADGTRILFKAG,42
sampled_seq_390,-1.139281666606938,MIKKWAVHLLFSALVLLGLSGGAAYSPQHAEGANTYDTECVLPCATYPHSCGLIQTAISEGKAAVCTLTRAESTKRRNESLAGIPRKSGYERHHWPFAECTEGGTGAAVAYVPEADNQGFGTWISGWSAAYADGTRIKFKTY,58
sampled_seq_391,-1.1188669467191084,MIKKWAVHLLFSALVLLGLSGGAAYSPQHAEGAMTYDVRVWLPAERFPEAGALIREAIRRGHAGVCTLDREGAKRRQAQSLRGIPDRPGFQRQEWPMAECVQGGAGSWVRYVAGADGRGFNAWLGQTLSGYADGTRVLLVVD,48
sampled_seq_392,-1.09274725957748,MIKKWAVHLLFSALVLLGLSGGAAYSPQHAEGAADYDVQLNFPTEKYPSAGSQIKEAIEQGHAAICTLKRETRGERFDQALEGIPEREGYDRHEWPHALCEEGGEGAYVKYVPEDDHNGAGSWTRYYLSGYEDGTKVLFIVE,53
sampled_seq_393,-1.4153408785478785,MIKKWAVHLLFSALVLLGLSGGAAYSPQHAEGAGKYDVEEILPCSAYPDHCAMIKTAIYWGHSAVQTLSRDTQQHRRKQSLKGIPQRDGYGRHEWPFAVSKEGGTGSYIKYVPQDDLDGAGRWLTSRLHKYQNGTKVLFKVR,61
sampled_seq_394,-1.1181238156939866,MIKKWAVHLLFSALVLLGLSGGAAYSPQHAEGASLFDEVLILPCETYPETCAAIAAAIALGHAAVCTLDRSGSARRRDESLKGIPARPGYQRHEWPASHCREGGRGASVEYVPAEDNRGDGGWLRLRLSAFPDGTRILVAVG,48
sampled_seq_395,-0.9346869232457712,MIKKWAVHLLFSALVLLGLSGGAAYSPQHAEGACQYDVTLNFPHTTYPQAGAVIRKAIAQGHAAVCTLARSGANARRAQSLNGIPSRAGYDRHEWPMAICREGGTGSAVQYVDSADNNGAGGWLRSRLSQFKDGTRVKWVVD,50
sampled_seq_396,-0.9892317745663703,MIKKWAVHLLFSALVLLGLSGGAAYSPQHAEGACGYDVTWQTPCATYPHSCAHIRAAVAAGHAAVCTLDRSGAKQRRFESLFGIPAKSGYDRHEWPFSFCTEGGQGSAVAYVPWADNNGFGTALGKALAGYADGTRVRFVVG,51
sampled_seq_397,-1.2150618526913703,MIKKWAVHLLFSALVLLGLSGGAAYSPQHAEGAQDYDAVIQLPCATFPASCAQIKYAIGQGYAAVCTLQRETQKHRRMQSLEGIAVKDGYNRHEWPFSVCAEGGSGSYVQYVGATDNSGMGSWLSGFLGNYADGTKILFVVG,58
sampled_seq_398,-1.1508772963777594,MIKKWAVHLLFSALVLLGLSGGAAYSPQHAEGAMDFDVVLSLPVDMYPEAGAQIRHAIARGHADVCTLDRASANVRRNQSLAGIPRRPGFGRFEWPLDLCSEGGHGSSVTYVPYADNDGLGAWLRNHLSAYKEGTRILFVDG,51
sampled_seq_399,-1.1742436820213948,MIKKWAVHLLFSALVLLGLSGGAAYSPQHAEGATTFSAVWKAPCTKYPESCNHIKNAINKGHAAICTIDRSGRGKRRDESLKGIPKKDGYGRDEWPYAWCREGGTGSDVRYVNVADNQGMGRWIKTRLSKYSDGTRILEKCK,50
sampled_seq_400,-1.0306224298039708,MIKKWAVHLLFSALVLLGLSGGAAYSPQHAEGAPDYDTELVFPSSTYPEAGAMIKAAISEGHSDVCTLQRAESNKRRNQSLAGIPTKQGFTRGEWPYAKCEEGGAGSKVQYVKQSDNQGAGKWLTAKLAGYEDGTKIKFIVK,45
sampled_seq_401,-0.9167931232977352,MIKKWAVHLLFSALVLLGLSGGAAYSPQHAEGAVTYDATLTFPAAQYPNSAAHIATAIAQGHAPVCTLARAAAGTRRTQSLQGIPARPGYERHEWPMARCTEGGAGASVRYVPLADNRGAGSWLSSTLSGFADGTKIRFICQ,44
sampled_seq_402,-1.0728334199397935,MIKKWAVHLLFSALVLLGLSGGAAYSPQHAEGAMDFDFVLVNPSAQFPEAAAHIREAVSQGHAAVCTLERGGQEQRRKESLAGIPENEGYERFEWPMAWCVEGGRGSAVRYVPREDNQGFAAWLSKALDAYEDGTRILFVVG,52
sampled_seq_403,-1.0962638505008242,MIKKWAVHLLFSALVLLGLSGGAAYSPQHAEGAMTYDTEVKVPSSQFPQAGSHIRKAILLGFSKVCTLDRVGQGARHKESLAGIPNRQGYVRDEWPFAQCREGGQGSGVQYVHSDDNQGMGRWLRNELSRYADGTRIRFIVE,53
sampled_seq_404,-1.1073584600326118,MIKKWAVHLLFSALVLLGLSGGAAYSPQHAEGAMKYDAILYLPAEKYPQSARTIEQAIALGRPAVCTLIRAGRNQRRREALAGIPLRHGYHRHEWPFAICQEGGRGSNVEYVDFVDARGYGRWLARTLSQYADGTRILFVVE,55
sampled_seq_405,-0.9725369094708644,MIKKWAVHLLFSALVLLGLSGGAAYSPQHAEGAEEYDVVLNFPTDTFPEAGAHISTAISNGFASVCTLQRTGQRQRRNESLNGIPRKEGYSRSEWPMAVCVEGGQGSAVQYVPQDDNSGAGTWLANTLSAYPDGTRVLFVID,48
sampled_seq_406,-1.091789805561031,MIKKWAVHLLFSALVLLGLSGGAAYSPQHAEGAGDYDVKLTLPASQFPEAGQHIKQAISEGKAEVCTLDRAGYHLRYRQSLRGIPKKDGYERQEWPMSRCVEGGKGANVRYVPVQDNRGFGAWIANYLSGYADGTRVKFVVQ,46
sampled_seq_407,-1.172535047618621,MIKKWAVHLLFSALVLLGLSGGAAYSPQHAEGASSFDAIIIYPQDAYPESGKVIRDAIKAGKAAICTLDRAGQTQRANESLKGIPDRTGYVRLEWPFAFCVQGGKGSYVEYVPARDGQGSGQWLRNYLSAYAEGTKIKLVID,57
sampled_seq_408,-0.9780455423057626,MIKKWAVHLLFSALVLLGLSGGAAYSPQHAEGAAGFDAELILPETTYPQSSSHIRKAIADGHAAVCTLNRASANTRRDESLRGIPQKLGYDRDEWPMAMCLEGGTGSAVQYVPWKDNRGMGTWLNNTLDAYADGTKIKFVVK,48
sampled_seq_409,-1.0843085192759103,MIKKWAVHLLFSALVLLGLSGGAAYSPQHAEGASTFDVVVQFPAAKFPESAAHIKTAIGQGKAAICTLLRSGRKARRSQALAGIPKRSGYIRDEWPLAYCLEGGAGSAVQYVAEGDGDGAGSWVRSYLAAYADGTKVLFVVA,53
sampled_seq_410,-0.9717657106732008,MIKKWAVHLLFSALVLLGLSGGAAYSPQHAEGAMKYDAILNFPADSYPQSGAHIKAAIAEGHSDVCTLERAQQSTRRDQSLAGIPRRAGYARDEWPMASCVEGGQGARVTYVKAADNDGAGAWLSQTLSHYADGTKIKVVVK,49
sampled_seq_411,-1.0087973918389836,MIKKWAVHLLFSALVLLGLSGGAAYSPQHAEGAMSFHATWIFPSSVFPQSGAMIRQAISEGFSEVCTLDRESREKRRDESLRGIPARPGYERHEWPFALCREGGTGSAVRYVGNADNRGAGAWISNALSAYANGTRILTIVE,52
sampled_seq_412,-1.195870215739679,MIKKWAVHLLFSALVLLGLSGGAAYSPQHAEGAPAYDTTWVFPCDTFPESCAMIKVAMSKGHSAICTLQRADARKRRNQSLKGIPDRDGYTRHEWPFADCIEGGEGAWVEYVSSSDNIGFGIWLKNKLAQYEDGTRIKEIVT,52
sampled_seq_413,-1.092312734061425,MIKKWAVHLLFSALVLLGLSGGAAYSPQHAEGAIPYDAVVELPDADYPEAGATIRRAIAEGHSRVCTIERAARGRRQDESLRGIPRRSGYDRHEWPFACCVEGGTGSTVAYVGSADNQGHGRWLAQYLAAFNDGTRILTKVR,51
sampled_seq_414,-0.9676725055099628,MIKKWAVHLLFSALVLLGLSGGAAYSPQHAEGAMEYDATLEYPSATYPESGQMVKAAIAKGHASVCTLDRAGEKERREQSLAGIPEREGFSRQEWPFSMCREGGAGAEVRYVARKDNQGAGKWLNNYLAGYQDGTRIKFVVE,50
sampled_seq_415,-0.950432453680476,MIKKWAVHLLFSALVLLGLSGGAAYSPQHAEGAVSYDTTLSLPYRKYPEASAHIRQAISEGHSDICTLERRAALKRRQQSLRGIPKRRGYDRHEWPFAICEEGGSGSSVRYVPKADNSGMGSWLRTKLSRFADGTKVRFVVD,49
sampled_seq_416,-1.049511970730003,MIKKWAVHLLFSALVLLGLSGGAAYSPQHAEGASEFDTILYLPCAQYPESCAHIRQAVSEGYAAVCTLERAKAKIRRDQALQGIPAKEGYDRHEWPFSHCKEGGKGSSVRFVPTVDNQGYGSWLHTTLAKYADGTKILLVYA,53
sampled_seq_417,-0.9318587276913703,MIKKWAVHLLFSALVLLGLSGGAAYSPQHAEGAGEYDATLVFPKDEYPDSGDMVKKAIEEGNSAICTLDRSGRQKRRKESLKGIPAKEGYVRHEWPFAICKEGGKGSKVQYVPEDDGRGAGRWLHNTLSQYGDGTKIRFVIK,53
sampled_seq_418,-1.3186917086260035,MIKKWAVHLLFSALVLLGLSGGAAYSPQHAEGAGPYDAEWVFPSKQFPQSGRQVKTAIAQGHAAVCTLERIGSHARSVQALAGIPQKSGHERMEWPMALCKEGGRGSAVRYVKRADNSGMGGFMRTEQSRFADGTRILRRVR,58
sampled_seq_419,-1.039592917906035,MIKKWAVHLLFSALVLLGLSGGAAYSPQHAEGAQTHDVEVNFPCKTYPESCKQITAAIKAGFSKVCTLDRAQYQKRLDQALKGIPKRSGYDRHEWPFALCKEGGKGSHVAYVDYKDNGGAGSWMWNWLSQYADGTKILFKVS,52
sampled_seq_420,-1.1776335829988531,MIKKWAVHLLFSALVLLGLSGGAAYSPQHAEGAHMFDVTLDFPCATYPDACAHIAQAIELGHAAICTLERDSEKARKKESLAGIPGKDGYDKHEWPFSICKEGGLGSHVTYVPKDDNAGAGAWLKSHLMRFNDGTRILYRAA,57
sampled_seq_421,-1.0768207935018277,MIKKWAVHLLFSALVLLGLSGGAAYSPQHAEGAGDHDATLTVPCDTFPHACAHIKAAIAEGHAAVCTLERQQQNQRYLESLEGIPRKRGYDRDEWPFSLCLEGGKGSSVQYVPSYDSQGFGAWAANWLNEYADGTRILFRVG,49
sampled_seq_422,-1.1216464961340669,MIKKWAVHLLFSALVLLGLSGGAAYSPQHAEGAMLYDYTLIFPKTRFPESGAHISDCIRQGHAAVCTLSRSLHQRRRIESLRGIPSAPGYDRDEWPFAMCREGGKGSCVRYVPWSDNRGAGAWAGGFLSRYGDGTRILFIVG,38
sampled_seq_423,-1.0278578592002938,MIKKWAVHLLFSALVLLGLSGGAAYSPQHAEGAHTFDVKLTLPCSTYPESCDTIKDAIADGKAAICTLSRSSSSAKRNESLSGIPAKSGYDRHEWPFSLCKQGGAGSAVTYVPINDNQGFGRWLGNELSGYADGTRVLFTVE,53
sampled_seq_424,-1.0163785601974626,MIKKWAVHLLFSALVLLGLSGGAAYSPQHAEGAAEYDATLDFPDAEFPASGQHIRNAISKGFADVCTLDRAGAKQRKKQSLANIPTKEGYVRAEWPMSICKEGGQGSSVQYVPADDGEGFAQWLKNKLAGYKDGTRIKIVVS,53
sampled_seq_425,-1.0742450679114106,MIKKWAVHLLFSALVLLGLSGGAAYSPQHAEGASLYDTTLHFPDSQFPEAGAMVDSAIREGHADVCTLQRAQAEERRQESLHGIPERDGYDRHEWPFAFCEEGGKGSKVRYVRLSDNQGFGTWLGQRLSVFDDGTKVKIVVQ,47
sampled_seq_426,-1.1096533679087228,MIKKWAVHLLFSALVLLGLSGGAAYSPQHAEGAAPYDVELVFPCRRYPEAGAHIRDAIQQGHPAVCTLDRASSADRRRASLANIPEKHGYERHEWPMSWCKEGGAGSAVRYVPAADNRGAGAWMQRRLAEFDDGTKVLQRVG,48
sampled_seq_427,-1.2745350129013762,MIKKWAVHLLFSALVLLGLSGGAAYSPQHAEGAASYDIVQQLPCKQFPASCDHIKQCIAANKDAVCTLERNAQESRRDQSLQGIPHQTGYDRHEWPMAVCQEGGTGSAVQYVPENDNQGFGQWLSGFLSQYADGTRVKFVSI,58
sampled_seq_428,-1.0921630859375,MIKKWAVHLLFSALVLLGLSGGAAYSPQHAEGAATYDVEWRLPCARYPAACAHIAAANRAGHAAVCTLERAEQDVRLRQSLFGIPERPGYERHEWPFAWCREGGAGSAVTYVPRTDQQGFGAFEKSALARYADGTRIKRVVL,54
sampled_seq_429,-1.0541065461045012,MIKKWAVHLLFSALVLLGLSGGAAYSPQHAEGAGEFDAKAFYPEAKYPESGALVKMAIAKGYAAVCTLERSGSLARRKDSLKGVPAKPGFDKHEWPFSMCKEGGKGSAVEYVPCADNQGAGKWLGEKLSQYADGTRILYVVD,49
sampled_seq_430,-0.9392238931918364,MIKKWAVHLLFSALVLLGLSGGAAYSPQHAEGAASYDAVLYFPTQKYPESGKHIQTAISQGKSSICTLDRAGEKKRRLESLQGIPNKAGYERHEWPFSQCTEGGKGSSVRYVPSDDNQGAGKWLGEKLSKYQDGTKILFVVR,45
sampled_seq_431,-1.0984082003252222,MIKKWAVHLLFSALVLLGLSGGAAYSPQHAEGADGHDVELIFPASQFPKSGAVIKEAISLGKANVCTLARKEESERKRQSLHGIPEKTGFDRHEWPFASCEEGGKGSRVEYVDFRDNQGMGDWLKRKLSGFSDGTKILFRVE,51
sampled_seq_432,-0.9622943423209934,MIKKWAVHLLFSALVLLGLSGGAAYSPQHAEGASDYDAVETFPSSTYPQAGSHVKAAISEGQAAVCTLSRDSADTRRNQALVGIPSKSGYGRDEWPMASCVEGGAGSAVRYVDAADQNGAGAWLRTTLSGYQDGTKIKIVTN,52
sampled_seq_433,-1.0740087666642777,MIKKWAVHLLFSALVLLGLSGGAAYSPQHAEGAMVYDAVFSFPADEFPEAGAMIRQAIEEGYSAICTLKRDAKSARLDESLAGIPAKEGFNRHEWPHAQCEEGGAGSAVRYVNSDDNSGAGHWLSEYLKQYEDGTRILFIVA,49
sampled_seq_434,-0.8902516496290854,MIKKWAVHLLFSALVLLGLSGGAAYSPQHAEGAVDYDAILNTPCDTYPQACNHIKRAISEGHAEVCTLDRAGAAARREQSLKGIPAKPGFDRHEWPFAICVEGGKGASVAYVEQSDNRGMGAWLRTTLSKYADGTRILLIVG,43
sampled_seq_435,-0.9994796612940796,MIKKWAVHLLFSALVLLGLSGGAAYSPQHAEGAGDYDAELDLPCEAFPEACQSIREAIADGHAAVCTLQRAEAGKRRTESLRGIPSREGYDRFEWPHSYCVEGGRGARVDYVRSVDNQGFGKWLQKTLGAFADGTRIRFTVR,53
sampled_seq_436,-1.0564230122697462,MIKKWAVHLLFSALVLLGLSGGAAYSPQHAEGAMQYDVMVHLPCQRYPFYCDLVRSAIADGHSEICTLDRAGEAERRNQSLAGIPTREGYDRHEWPFALCKEGGQGSRVEYVPWQDNRGAGGWVRTYLAQYADGTRILFIVR,52
sampled_seq_437,-1.0717055994436282,MIKKWAVHLLFSALVLLGLSGGAAYSPQHAEGAGDWDATYDFPCEKYPESCEMVRKAIDDGHSRVCTIERSGAKTRRRQSLKGIPTRPGYMRAEWPFAFCKEGGKGSMVKYVPASDNSGAGRWFQNKLSQYADGTKILEVVV,48
sampled_seq_438,-1.1174202315304258,MIKKWAVHLLFSALVLLGLSGGAAYSPQHAEGAHDHDVVLQFPQAEFPQAGETIAKCIELGFASVCTLERAGQQERFEQSLKGIPKKDGYDRHEWPFALCKEGGKGACTRYVPSADNRGMGRWLNKTLGRFADGTKVLFQTR,53
sampled_seq_439,-1.0445719727682412,MIKKWAVHLLFSALVLLGLSGGAAYSPQHAEGAGDFDDSLVVPVAEFPELGEHIREAIARGHAAVCTLDRAGSRERSRQALEGIPNKPGYVREEWPFAACREGGEGASVRYVPEDDGSGANEWLRRWLDAYDDGTKILFVVE,52
sampled_seq_440,-1.1440622872168864,MIKKWAVHLLFSALVLLGLSGGAAYSPQHAEGAMNYDTVLRLPIKTYPESGAHIKKAIANGHAAVCTLCREQREQRLDEALAGIPQREGFTRDEWPAAWCVEGGLGSAVSYVDQYDSEGYGMWLSNTLAQYADGTRVLFVIN,52
sampled_seq_441,-1.0133231626738102,MIKKWAVHLLFSALVLLGLSGGAAYSPQHAEGAGLYDAVLYYPKQAFPQAGAMIAAAIAAGHAAVCTLKRAGANVRRTQSLEGIASKVGYDRHEWPFSICQEGGQGSSVQYVPSRDNRGAGTWLANTLSRYKDGTKIKFVIN,49
sampled_seq_442,-1.103170972351634,MIKKWAVHLLFSALVLLGLSGGAAYSPQHAEGAAHYDTTLTFPCKAYPQSCAHIKNAIKKGHADVCTLQRSGWGARRRQSLKGIPKKRGYDRHEWPMSICREGGKGSEVQYVGIDDNKGAGAWWMKETSRYADGTRIKFVVG,45
sampled_seq_443,-1.1716074812302897,MIKKWAVHLLFSALVLLGLSGGAAYSPQHAEGAADYDAVLQLPCADFPQACRMISHAVRQGQSDVCTLERGAAEARRDQSLKGIPTRPGYTRHEWPFDLCREGGAGSWVEYVDEADGSGLAAWLDQTLSAFDSGTRIKMIVK,58
sampled_seq_444,-1.1390819024602208,MIKKWAVHLLFSALVLLGLSGGAAYSPQHAEGAGAYDATLKLPVFAYPQSGAHIRQAILLGWPKVCTLDRAKRQQRRQQSLAGIAEKPGYVRDEWPMAICKEGGKGSAVQYVPEADSDGFGHWLFSTLAQYADGTKILFTID,53
sampled_seq_445,-1.109173276008816,MIKKWAVHLLFSALVLLGLSGGAAYSPQHAEGAPSYDKIIILPGDKYPEAAAVIKAAISEGHPKVCTLAREGQLARLQESLAGIPSKPGFDKHEWPFAGCVEGGKGARVSYVSSADNNGFGTWLKNTLSIFADGTRILFKVG,47
sampled_seq_446,-1.0723846155569094,MIKKWAVHLLFSALVLLGLSGGAAYSPQHAEGAGKYDVRMKFPRNEFPEAGKMVKTAIKLGHAAVCTLDRSSHTARRNQALAGIPSKPGYQRHEWPFALCKEGGQGAKVEYVPAKDSQGFGKWLARELAKYKNGTKVKFTVE,58
sampled_seq_447,-1.059032965143886,MIKKWAVHLLFSALVLLGLSGGAAYSPQHAEGATVYDAIENFPQSKYPQAGAQVKAAIELGHASVCTLDRAQSRSRRQASLAGIPGKPGYDRHEWPMAMCKQGGTGSNVQYVPVADNRGAGSWLYNKLAQYADGTKILVVVR,47
sampled_seq_448,-1.009106137336941,MIKKWAVHLLFSALVLLGLSGGAAYSPQHAEGAGDYDVKLIYPIAQYPESGAMIAKAISEGRAAVCTLTRDSADARRDQALKGIPSKVGFMRDEWPFALCKEGGKGSAVKYVKASDGQGAGTWLNQTLSRFKDGTKVLFEVK,51
sampled_seq_449,-0.9926218855271646,MIKKWAVHLLFSALVLLGLSGGAAYSPQHAEGAMTFDVEWDFPGEKFPQSAAAIKAAIAEGHAAVCTLERSGENVRREQSLAGIPLKEGYDRHEWPMAKCKQGGKGSRVEYVKAADHQGAGTWVANHLNQYADGTKVLFKVG,50
sampled_seq_450,-1.1433452641198394,MIKKWAVHLLFSALVLLGLSGGAAYSPQHAEGAGLYDADLRFPHDAFPEAGAHIAEAISQGQASVCTIDRAGHGERLTQSLAGIPGRSGYQRAEWPFAMCSEGGAGSAVQYVLAADNSGMGLWIGTTLSRYADGTRIKMVTE,53
sampled_seq_451,-1.208759412852996,MIKKWAVHLLFSALVLLGLSGGAAYSPQHAEGASDFDRVFQYPAEEYPEAGAMIRAAIRKGYADVATLRREGSKKRQDESLAGIPDKRGFVRAEWPFAWAEEGGKGSAVQYVRWADGDGAGKYMSRRLSRYADGTKILFVVT,50
sampled_seq_452,-1.040109686895248,MIKKWAVHLLFSALVLLGLSGGAAYSPQHAEGAPTWDVTLTLPVATYPEAGAMIRKAIALGHPAVCTLERAQADQRRRQSLRGIPPKSGYVRHEWPFALCKEGGQGAAVAYVPAADSAGFGAWLSNVLNRYANGTRIKFVVE,51
sampled_seq_453,-1.088142325025086,MIKKWAVHLLFSALVLLGLSGGAAYSPQHAEGAGAFDRVLQFPGAEFPESAAHVAAAIAGGHAAVCTLERAGSRKRRAQALAGIPARKGYNRDEWPFAICREGGAGSAVRYVRNIDNIAAGGWLKGWLAAYPDGTRIKMVVG,53
sampled_seq_454,-1.0195840258117117,MIKKWAVHLLFSALVLLGLSGGAAYSPQHAEGATDYDVTFDFPADTYPQSGAMVKAAIEEGKAAIATLDRSGADARRAQSLQGIPKKDGYGRFEWPMAMAEEGGQGSKVVYVPFQDNTGAGTWLKNTLGRFKDGTKVKFVVS,53
sampled_seq_455,-1.0804915121935923,MIKKWAVHLLFSALVLLGLSGGAAYSPQHAEGAARYDTVMTFPASQYPQSAAAIKQAIAEGMSSVWTLNRGSETKRRVQSLAGIAAKTGYDRFEWPAAYCEEGGAGSLVRYVPSSDNQGAGRWLNNTLSRYADGTRILWVVG,46
sampled_seq_456,-0.9562230941352494,MIKKWAVHLLFSALVLLGLSGGAAYSPQHAEGAMEYDAEMQYPAERFPESGAHIKKAIAEGHSKVCTLARAGANQRRNEALAGIPAQPGFDRHHWPFAICVEGGHGSDVRYVPHDDNRGAGAWMAGRLSSFADGTRIRFVVK,47
sampled_seq_457,-1.0603772084647365,MIKKWAVHLLFSALVLLGLSGGAAYSPQHAEGAATYDAVWYVPTSTYPHAGAVIKAAIAEGHADVCTLSRADADKRRVEALAGIPAKSGYERHEWPFALCQEGGKGSKVVYVPTHDHRGFSSWANRALSGYADGKRIRVVTG,47
sampled_seq_458,-1.0266097882472047,MIKKWAVHLLFSALVLLGLSGGAAYSPQHAEGAMSYDVELNLPCATFPQACAQVKQAIAEGQAAICTLDRSGLEKRNAESLAGIPKRDGYSRHEWPFALCTEGGKGSNVVYVDINDNQGFGKWLWDTLSQYEDGTRIKFVAD,58
sampled_seq_459,-0.9034744402684204,MIKKWAVHLLFSALVLLGLSGGAAYSPQHAEGAMEYDTTLTFPADKYPEAGAVIATAISEGKAAVCTLNRAGFRERRRESLAGVPSKPGYERHEWPFASCEEGGRGSKVEYVKSDDNRGAGTWLSDYLSGYDDGTRVLQVVS,47
sampled_seq_460,-1.0040674472073896,MIKKWAVHLLFSALVLLGLSGGAAYSPQHAEGAVVYDAELVFPSAKYPQAAAHIKAAISEGKAAVCTLNRAAQKERRKQSLAGIPTKAGYDRHEWPFSICSEGGMGASVKYVPLQDNQGFGRYMANRLSRYSDGTKILFKVG,50
sampled_seq_461,-1.349539380554759,MIKKWAVHLLFSALVLLGLSGGAAYSPQHAEGAMRYDAVLDIPGNLFPHAAHHWKIAIEQGKSAICTLDRARQYHRRKQALAGIPRRFGYIRDEWPAAECKEGGWGSAVRYVPAADGKGLGSWRKNWASRYSDGTRLLFIVH,58
sampled_seq_462,-0.9718604131576118,MIKKWAVHLLFSALVLLGLSGGAAYSPQHAEGAGMYDTVVYLPESTYPESGAVIKAAISEGHAAVCTLDRAGRRERQNQSLKGIPGKVGFERHEWPMSSCVEGGQGSRVEYVKISDNQGMGSWLKQYLSQYADGTRVLYIVK,47
sampled_seq_463,-1.0125530137928254,MIKKWAVHLLFSALVLLGLSGGAAYSPQHAEGATGYDQVMILPRATYPASGAHIAKAIADGHAAVCTLARGGRRKREDEALRGIPARPGYGRDEWPMAVCREGGTGAAVRYVPLADNRGFGRWLASQRSRYADGTKILYLVR,49
sampled_seq_464,-1.0222678228255806,MIKKWAVHLLFSALVLLGLSGGAAYSPQHAEGAMQHDAELNLPAEQFPASAAHIKKAIEEGHAAICTLDRDGARQRKRESLKGVPHRPGYDRHEWPFSMCLEGGAGSSVKYVPSKDNQGFGKWLARWLSAYDDGTRIRHIVS,52
sampled_seq_465,-1.1377886850899512,MIKKWAVHLLFSALVLLGLSGGAAYSPQHAEGAGAFDAILIFPATQYPASAKTIMKAIANGYAAVCTLDRAGRKSRSIASLAGIPQRPGFDRHEWPASYCVEGGSGSAVEYVPSADNNGAGSWTSSKLSAFADGSKILFTAS,55
sampled_seq_466,-1.0868272693879013,MIKKWAVHLLFSALVLLGLSGGAAYSPQHAEGAMDYDWTLEVPCQQFPESCAHIREAIAAGHAEVCTLDRKRQRVRRRQALRGIPHRPGYTREEWPFAYCSEGGRGSAVRYVETGDSTGMGGWLRRRLNQHADGTRILFRVR,52
sampled_seq_467,-1.0142228012784906,MIKKWAVHLLFSALVLLGLSGGAAYSPQHAEGAMSYDVELRFPKDKFPAAGEMIRVAIANGHANVCTLDRAAANARYDQSLAGIPAREGFWRDEWPFATCLEGGTGSAVRYVPGDDNSGFGLWLNNHLSRYADGTRVLFIVE,51
sampled_seq_468,-1.2656259799222334,MIKKWAVHLLFSALVLLGLSGGAAYSPQHAEGAGEYDFEVHLPIHTFPQSGEQIRAAISQGHAAVCTLNRAGQKKREKESLRGIPDREGYERHHWPFSCCVEGGKGATVVYVDRKDHRGFARWWGRKSNAFSDGTRIKVILQ,58
sampled_seq_469,-1.1606973770561568,MIKKWAVHLLFSALVLLGLSGGAAYSPQHAEGACSFDAELNFPCDEFPESGAHIKKAIEEGYSSVCTLDRAGAGERRKASLFGIADKQGFRRGEWPFALCEEGGKGSRVNYVPADDNIGAGRYLGEYLDRYEDGTKIKFVCP,53
sampled_seq_470,-0.9680651043533184,MIKKWAVHLLFSALVLLGLSGGAAYSPQHAEGASNYDATLNYPCEQYPEACQMIRDAIKEGYSDVCTLYRDGADVRREESLKGIPEKPGYHRHEWPMAICMEGGKGSRVEYVPFADQDGAGRWLSNHLAKYADGTRIKFVVE,45
sampled_seq_471,-0.8833345885670513,MIKKWAVHLLFSALVLLGLSGGAAYSPQHAEGAMSYDARLLFPADRYPESGQHIRLAIARGHAAVCTLARAGARERRDQALAGIPERTGFHRFQWPMAICEEGGAGAAVRYVPRSDAEGFGAWLAGHLSAYADGTRILFVVA,45
sampled_seq_472,-1.041743077269388,MIKKWAVHLLFSALVLLGLSGGAAYSPQHAEGAGHWDAEWQVPCARYPEACELIRRAIADGHASVCTLDRASEHERLRQSLAGIPERPGYDRHEWPLAICREGGLGARVEYVPRQDHQGFHKWLARTLARYRDGTRVLVRVR,58
sampled_seq_473,-0.9089465360029028,MIKKWAVHLLFSALVLLGLSGGAAYSPQHAEGAAEYDAVLLFPTALYPEAGAVVERAISEGHAAVCTLERSSSAERRDQSLAGIPGKPGYDRHEWPFDFCKEGGQGSLVEYVKTSDNSGFGSWLKGTLSKYADGTRILFVVE,45
sampled_seq_474,-0.9085261493647864,MIKKWAVHLLFSALVLLGLSGGAAYSPQHAEGAMTYDARLDFPAERFPEAGAHIAAAIAKGFASICTLDRAGDKERRDQALAGIPSREGYDRDEWPFAWCVEGGKGSSVRYVPHRDNQGAGTWLSNKLSGYRDGTRILLTVN,45
sampled_seq_475,-0.997770186957963,MIKKWAVHLLFSALVLLGLSGGAAYSPQHAEGAMEYDAILHLPCDKYPNTCALIKRAIEQGKADVCTLDRKGQRERRDESLKGIPPRPGFERHEWPASYCKEGGKGSEVEYVPIRDNQGAGRWAGKRLSRYKDGTRIKFVVS,48
sampled_seq_476,-1.0268201915495987,MIKKWAVHLLFSALVLLGLSGGAAYSPQHAEGAMSYDAELFFPCARFPQAGAMIKDAIARGHADVCTISRADSNLRKQESLQGIPKRPGYVRFEWPAAICVEGGRGSAVRYVKQDDAEGAGRWLASRLSSFADGTKILFVVS,48
sampled_seq_477,-1.097765791306802,MIKKWAVHLLFSALVLLGLSGGAAYSPQHAEGAGTYDAELSYPGAAFPASAAHVREACAGGKAKVCTLERAGAAARRDQALRGIQKKPGYHRDEWPMASCTEGGEGSAVRYVPTEDNRGAGRWLAAELGQYADGTRILFKIG,51
sampled_seq_478,-1.036415030103211,MIKKWAVHLLFSALVLLGLSGGAAYSPQHAEGAADFDATLHFPCDTYPASGTLIRAAIAEGHASVCTRDRAGRSKRHTQALDGIPERPGYERHEWPMAMCREGGRGAKVVYVPADDNQGFGRWLRTTLAAFADGTKIKFVVN,53
sampled_seq_479,-1.0380601795441513,MIKKWAVHLLFSALVLLGLSGGAAYSPQHAEGAKEYDAEVVYPCEEYPESCAMIREAISEGFSSVCTLERASRSRRRDQSLEGIPNRVGYGRHEWPLSTCVEGGEGSRVRYVPVNDHNGAGEWLGNALSGYADGTKILFKVE,53
sampled_seq_480,-1.1158989022631165,MIKKWAVHLLFSALVLLGLSGGAAYSPQHAEGATLYDVVEIFPARQYPESGAQIRQAIAEGYSSVCTIDRASANTRRREALSGIPTKQGFNRHEWPMAMCEEGGKGAQVRYVPQADHQGAGAWLRRRFSAYADGTKVLFIVE,43
sampled_seq_481,-1.1661765422296086,MIKKWAVHLLFSALVLLGLSGGAAYSPQHAEGAGPYDAKLALPLQLFPEAGAHIKAAIAAGFSSVCTLDRAGAKARRKESLSGIPKKPGYTRHEWPMAICREGGRGSSVTYVDSTDDHGYGAWLGDKLKKYADGTKILLSGG,49
sampled_seq_482,-0.9206990233255088,MIKKWAVHLLFSALVLLGLSGGAAYSPQHAEGATAFDVTVDLPVEKYPAAGAHIAAAIAEGHDAVCTLDRAGQGARRLEALAGIPAKDGYDRHEWPFAWCVQGGTGAAVRYVPENDNRGFGRWLEEELGAYADGTRILFRVR,51
sampled_seq_483,-1.1084397342226922,MIKKWAVHLLFSALVLLGLSGGAAYSPQHAEGAKSYDVVLSFPIEQYPETGAMIRAAIANGFAAVCTIDRAGAGARRAEALLGIPTKRGFERHEWPFALCREGGLGSAVQYVPKKDNNGAGRWLSNYLSRYNEGTRVLFCVN,46
sampled_seq_484,-0.8602038742205419,MIKKWAVHLLFSALVLLGLSGGAAYSPQHAEGAHMHDATLTVPGEAFPAAAAHIAAAIASGHAAVCTLQRTTAATRRDQSLTGIPAKDGYDRHEWPFSICTEGGAGAAVTYVPTDDNRGFGAWLNAYLSAYADGTRILFVVG,52
sampled_seq_485,-0.883533582774871,MIKKWAVHLLFSALVLLGLSGGAAYSPQHAEGATTYDVKVIFPYKQYPESGAHVKKAIQQGFAAVCTLERSGQQKRRKQSLKGIPKKPGYDRHEWPFANCKEGGKGAAVQYVKSADNRGAGSWLSKKLSQYSDGTKVLFNIK,44
sampled_seq_486,-1.1692738664259603,MIKKWAVHLLFSALVLLGLSGGAAYSPQHAEGAMEFDWELVFPGETYPESCSHIAQAIRQGHASVCTLWRAGWRERRRESLEGIPEREGFERFEWPFALCREGGIGAAVKYVGKEDMLGFGQWLERTLSGYPDGTRILFKIE,52
sampled_seq_487,-1.1300126521959215,MIKKWAVHLLFSALVLLGLSGGAAYSPQHAEGAVTYDYVLYLPAAQYPEASAQVKAAIAEGHAAVCTLDRWGHTRRKQASLRGIPGRPGYDREEWPFSWCKEGGAGSSVRYVPYQDNRGFGSWLAFTLSNYANGTRILYIIE,48
sampled_seq_488,-1.2551832286589737,MIKKWAVHLLFSALVLLGLSGGAAYSPQHAEGADNFDVVEVYPSLVYPDSGSHISLAIAKGYSDVCTLERSGSQRRRDQSLEGIPGRPGFDRHHWPSSVCVQGGQGSAVRWVPTQDNSGFGSWLRGHLAGFADGTRVLVVVP,53
sampled_seq_489,-1.0580030668766127,MIKKWAVHLLFSALVLLGLSGGAAYSPQHAEGAFEYDAKLSLPCTAFPKYCAEIKAAIAQGKPNVCTLNRTAQSRRRNQALAGIPDKSGYDKHEWPFALCVEGGTGSEVRYVPSADNQGAGKWLKNTLSKYADGTKILFTIN,56
sampled_seq_490,-1.01755341696083,MIKKWAVHLLFSALVLLGLSGGAAYSPQHAEGAGAFDTQLYFPCATYPDACAQIKDAIAGGHEAVCTLDRAGSRTRRREALRGIPNRPGYARFEWPQSICREGGRGSDVRYVPRDDHNGAARWLGNRLSAYSDGTKVLFVVD,53
sampled_seq_491,-1.0148598907190725,MIKKWAVHLLFSALVLLGLSGGAAYSPQHAEGAAEYDVNLAFPCSEYPEACSQIRTAIQQGHADVCTLERSAAATRRDQALAGIPSRPGYDREEWPFAYCTEGGTGSYVEYVLTSDNQGAGRWLGSTLAGYGDGTRVLFTLD,46
sampled_seq_492,-0.942863534349914,MIKKWAVHLLFSALVLLGLSGGAAYSPQHAEGAADYDAIWNVPVATYPQAGALIKLAIQQGAAAVCTLDRAGQDARRNASLAGIPTKPGYRRQEWPMAVCVEGGTGAAVQYVDSNDNTGFGSWLGNTLSSYADGTRIKFVTS,46
sampled_seq_493,-1.106543304723337,MIKKWAVHLLFSALVLLGLSGGAAYSPQHAEGAFKYDATFDFPVAQYPQAGELIRTAISEGKASVCTLERAGSNKRSDESLAGIPSKAGYDRHEWPMAICTEGGQGARVRYVAHADNRGAGTWFDKELSGYEDGTKIRLTVS,49
sampled_seq_494,-1.1968397787951548,MIKKWAVHLLFSALVLLGLSGGAAYSPQHAEGADYYDVVVYFPARAFPESGALVKRSIREGFADVCTLDRAGRKRRRTQSLWGIPAKDGYTRHEWPFSDCEQGGTGSRVEYVRWRDADGARRWLRSKLAAYDDGTRVKFQVP,56
sampled_seq_495,-1.061950123638188,MIKKWAVHLLFSALVLLGLSGGAAYSPQHAEGAASYDATLEFPGAEFPQAGNQIRTAIERGYAAVCTLERRSENRRRNESLQGIPKRPGFIREEWPFAFCEEGGRGAAVQYVEATDGEGAAEWLNRRLSRYQDGTRILFEVD,50
sampled_seq_496,-1.080697505845936,MIKKWAVHLLFSALVLLGLSGGAAYSPQHAEGAEDYDATLVFPVAQYPHSGRLIAKAIHQGKASVCTLARAERNKRREESLAGIPGKQGFVRHEWPHSRCVEGGEGAAVRYVPADDGRGASSWMAAALAAYADGTRIKFVVE,50
sampled_seq_497,-1.152539314480003,MIKKWAVHLLFSALVLLGLSGGAAYSPQHAEGAIDYDVELEFPCEKYPHACAVIKKAIAEGHASVCTLDRIGEGSRRTQSLANIPSRKGYGRHEWPMASCVEGGKGASVAYVPGTDLQGFASWLGNYLNGFKDGTKVKMTIK,54
sampled_seq_498,-1.0387618038632451,MIKKWAVHLLFSALVLLGLSGGAAYSPQHAEGASDYDVTVHFPDQQFPQSGAMVRQAVQSGHASVCTLDRATQGARRQQSLAGIPERSGFDRHEWPFSLCVEGGSGAVVRYVGSADHRGFTAWLAQKLSSYADGTRVLYVVD,55
sampled_seq_499,-0.970770809628548,MIKKWAVHLLFSALVLLGLSGGAAYSPQHAEGAMSYDRTLDLPCSTYPHTCSQIERAIAQGHPAVCTLQRSAAERRRRQSLRGIPKRSGYGRFEWPMAICQEGGAGSAVQYVPLDDLRGFNRWLQLTLAGYADGTRIRFRVQ,52
sampled_seq_500,-1.0738501592513618,MIKKWAVHLLFSALVLLGLSGGAAYSPQHAEGAADYDAELDFPVAEFPEAGKMISKAIREGHSEVCTLQRAGATKRRNESLAGIPAKEGFVRHEWPMSMCEEGGRGAAVTYIGEADGQGAALWIGNRLDKYADGTKIKFNIN,46
